-54570.417880756184,87665597897.0671,88.43300219645512,-2.0658928035238504e+20,
-54551.36578867798,87663450473.46727,89.94785571758122,-2.06589267617747e+20,
-54493.0731075181,87785773335.8349,91.46281451995769,-2.0658920692830077e+20,
-54396.23741482487,88031868893.31075,92.97353144282604,-2.065890999907327e+20,
-54261.99966828287,88400346637.46523,94.47573824025541,-2.0658895108591596e+20,
-54091.90453227565,88889156904.00906,95.96532254116639,-2.0658876622017282e+20,
-53887.8486183823,89495639358.2984,97.43839740904453,-2.0658855210700535e+20,
-53652.02006307503,90216583645.88872,98.89136091573859,-2.065883152620516e+20,
-53386.833133056,91048299177.30934,100.32094359871581,-2.0658806143555604e+20,
-53094.86146411039,91986690803.58835,101.72424292650395,-2.0658779530638747e+20,
-52778.77317114203,93027337174.18436,103.09874433723762,-2.0658752049576123e+20,
-52441.270498744554,94165568814.97435,104.44232968345418,-2.0658723966485574e+20,
-52085.036001096414,95396543367.95221,105.75327415512949,-2.065869547030478e+20,
-51712.686530780804,96715315936.71791,107.03023343444431,-2.065866668904029e+20,
-51326.735648986934,98116903024.64377,108.2722229087711,-2.0658637709468775e+20,
-50929.564495480416,99596339085.77705,109.47859108550004,-2.0658608583178673e+20,
-50523.400704718064,101148725194.05914,110.64898889825693,-2.0658579343982582e+20,
-50110.30463323661,102769269749.64114,111.78333685410335,-2.065855001381086e+20,
-49692.16196593609,104453321469.86784,112.88179144264312,-2.0658520602624046e+20,
-49270.68167784653,106196395155.1794,113.94471193076367,-2.0658491115212102e+20,
-48847.39832110716,107994190882.61806,114.97262854580767,-2.0658461555990495e+20,
-48423.67766096503,109842607372.42538,115.9662127447439,-2.065843192522997e+20,
-48000.72477823756,111737750309.26004,116.92624988103434,-2.0658402226235104e+20,
-47579.59387093731,113675936392.12564,117.85361464942038,-2.0658372460134266e+20,
-47161.199110698006,115653693848.54892,118.74924927085573,-2.065834262834163e+20,
-46746.32603027708,117667760089.62427,119.61414443854719,-2.065831273367772e+20,
-46335.64303020562,119715077112.01001,120.44932289350082,-2.0658282782179118e+20,
-45929.712691873625,121792785177.60599,121.25582549253359,-2.065825277709546e+20,
-45529.0026693487,123898215226.41866,122.03469944823297,-2.065822272817058e+20,
-45133.89600288436,126028880406.42482,122.78698870031819,-2.065819263648857e+20,
-44744.70075419564,128182467038.2137,123.51372592943684,-2.065816251154225e+20,
-44361.65890853229,130356825272.97684,124.21592626511695,-2.0658132359818527e+20,
-43984.95452298735,132549959650.46999,124.89458226397328,-2.0658102192617964e+20,
-43614.721126018165,134760019718.83853,125.55066014102579,-2.065807201117766e+20,
-43251.04839142655,136985290840.29361,126.18509684365738,-2.0658041826843e+20,
-42893.98812249231,139224185274.97836,126.79879809956111,-2.0658011644480917e+20,
-42543.559589842356,141475233609.30118,127.39263702611427,-2.0657981478392214e+20,
-42199.75427103343,143737076573.83344,127.96745346148872,-2.065795132686443e+20,
-41862.540041611435,146008457278.8918,128.52405358654832,-2.0657921192821922e+20,
-41531.86486729783,148288213882.5055,129.0632099899998,-2.0657891086689966e+20,
-41207.660045507655,150575272695.0315,129.58566207414518,-2.0657861016557453e+20,
-40889.84304206471,152868641716.70493,130.09211667406413,-2.065783098309698e+20,
-40578.31996608316,155167404598.4561,130.58324884302883,-2.06578009779906e+20,
-40272.98772278299,157470715012.00162,131.0597026808283,-2.065777101101504e+20,
-39973.73588068429,159777791412.2051,131.5220924030617,-2.0657741094021366e+20,
-39680.44828631337,162087912172.7268,131.97100355906525,-2.065771119661701e+20,
-39393.004456343995,164400411074.82254,132.40699382696127,-2.065768135079949e+20,
-39111.28077404851,166714673128.6208,132.83059454179156,-2.0657651527703776e+20,
-38835.15151408327,169030130706.1559,133.24231155351424,-2.065762173214553e+20,
-38564.489716999815,171346259965.7436,133.64262645654898,-2.0657591975577354e+20,
-38299.16793246414,173662577547.85278,134.0319978648368,-2.0657562224706716e+20,
-38039.058847979846,175978637523.3836,134.41086220853416,-2.0657532506198268e+20,
-37784.03581793876,178294028576.1368,134.77963511999604,-2.0657502798149573e+20,
-37533.97330605333,180608371402.2156,135.13871230438875,-2.0657473087030156e+20,
-37288.74725264522,182921316310.09546,135.48847048276818,-2.065744338881695e+20,
-37048.23537685844,185232541006.10355,135.82926856102011,-2.065741367308588e+20,
-36812.317422618755,187541748551.04987,136.1614482822257,-2.065738396029758e+20,
-36580.87535605776,189848665474.72705,136.48533533207313,-2.0657354238414976e+20,
-36353.79352114719,192153040035.93823,136.80124009087618,-2.0657324493621907e+20,
-36130.958759430985,194454640616.61273,137.1094584032553,-2.06572947207039e+20,
-35912.26049898946,196753254239.4244,137.4102722955516,-2.0657264939074604e+20,
-35697.59081710721,199048685199.1328,137.70395089834486,-2.065723511321056e+20,
-35486.84448053642,201340753798.62494,137.99075085021195,-2.065720526086975e+20,
-35279.91896673816,203629295181.34134,138.2709171738048,-2.0657175362558683e+20,
-35076.71446903942,205914158252.42877,138.54468369893857,-2.0657145436309845e+20,
-34877.13388825421,208195204681.57437,138.81227381966463,-2.065711546568603e+20,
-34681.08281297698,210472307981.04004,139.0739008845552,-2.0657085463053763e+20,
-34488.46949045942,212745352652.94196,139.32976888658928,-2.065705539816479e+20,
-34299.20478972287,215014233400.3011,139.5800727136823,-2.065702529675228e+20,
-34113.20215833199,217278854396.83707,139.82499879900666,-2.0656995162195293e+20,
-33930.37757405878,219539128610.8866,140.06472555807795,-2.0656964973770667e+20,
-33750.64949249414,221794977179.20483,140.29942367423902,-2.0656934740223695e+20,
-33573.93879151476,224046328826.75375,140.52925657715295,-2.0656904461536248e+20,
-33400.168713383195,226293119328.9,140.7543808235961,-2.065687412232632e+20,
-33229.26480514581,228535291012.7344,140.9749462695823,-2.0656843768709923e+20,
-33061.15485789508,230772792294.49576,141.19109675538354,-2.0656813350243625e+20,
-32895.768845377446,233005577250.3224,141.40297000716404,-2.0656782900108457e+20,
-32733.038862353722,235233605217.7842,141.61069820982542,-2.0656752410442603e+20,
-32572.899063055127,237456840425.85065,141.8144082272253,-2.065672185619924e+20,
-32415.285600022085,239675251651.1393,142.01422167286847,-2.0656691282183268e+20,
-32260.136563565055,241888811898.46466,142.21025543771,-2.0656660674648965e+20,
-32107.39192204493,244097498103.86224,142.40262177451862,-2.065663002867077e+20,
-31956.993463134673,246301290858.41095,142.5914285011536,-2.065659935640445e+20,
-31808.884736192835,248500174151.30838,142.77677931757668,-2.0656568636023564e+20,
-31663.010995853077,250694135130.77612,142.95877384097466,-2.06565378878867e+20,
-31519.319146910744,252883163881.48453,143.13750794210387,-2.0656507103839984e+20,
-31377.75769056805,255067253217.28842,143.31307378329444,-2.0656476313259046e+20,
-31238.27667208265,257246398488.1601,143.48556023348496,-2.0656445463488545e+20,
-31100.82762984987,259420597400.29144,143.65505259502012,-2.06564146286493e+20,
-30965.36354593699,261589849848.41797,143.8216332864802,-2.0656383750866138e+20,
-30831.838798077377,263754157759.4885,143.98538154506355,-2.0656352854261957e+20,
-30700.209113123776,265913524946.87256,144.14637379297665,-2.065632193187169e+20,
-30570.431521952654,268067956974.359,144.30468367854527,-2.0656290988170563e+20,
-30442.46431580547,270217461029.25424,144.46038221489877,-2.0656260030573062e+20,
-30316.267004047677,272362045803.9434,144.61353787906484,-2.065622907757583e+20,
-30191.800273322147,274501721385.32224,144.76421687985652,-2.0656198078040913e+20,
-30069.025948070383,276636499151.5545,144.91248291986932,-2.065616708459146e+20,
-29947.90695239219,278766391675.64777,145.05839762079773,-2.0656136087825587e+20,
-29828.40727321232,280891412635.37933,145.2020205131706,-2.065610506845107e+20,
-29710.491924721195,283011576729.1377,145.34340905293016,-2.0656074034757544e+20,
-29594.12691405534,285126899597.27686,145.4826187273106,-2.0656043012170115e+20,
-29479.279208182743,287237397748.6094,145.61970329954508,-2.065601195711226e+20,
-29365.916701957412,289343088491.6924,145.7547145647611,-2.065598092502109e+20,
-29254.00818730771,291443989870.5836,145.88770281218487,-2.0655949865620777e+20,
-29143.523323522415,293540120604.7692,146.0187165543427,-2.0655918802179244e+20,
-29034.432608599338,295631500032.98596,146.14780273010047,-2.065588775970393e+20,
-28926.707351621128,297718148060.67834,146.27500689500891,-2.065585669613486e+20,
-28820.319646123677,299800085110.8521,146.40037306809432,-2.0655825616390223e+20,
-28715.242344423135,301877332078.1,146.52394383794388,-2.0655794546821464e+20,
-28611.449032868062,303949910285.59216,146.64576049144534,-2.065576349503965e+20,
-28508.91400798421,306017841444.8386,146.76586307153735,-2.0655732446290313e+20,
-28407.612253479998,308081147618.0426,146.88429041755685,-2.065570136805524e+20,
-28307.51941808177,310139851182.87756,147.00108002926686,-2.0655670311436032e+20,
-28208.611794168573,312193974799.5333,147.11626841262822,-2.0655639245423536e+20,
-28110.86629717712,314243541379.8832,147.22989088750134,-2.065560818694413e+20,
-28014.260445748507,316288574058.63873,147.3419817844171,-2.0655577114440568e+20,
-27918.772342588964,318329096166.365,147.45257427220668,-2.065554608667086e+20,
-27824.380656017896,320365131204.2386,147.56170076097197,-2.0655515037213452e+20,
-27731.06460217731,322396702820.4379,147.66939249337733,-2.065548402514602e+20,
-27638.80392787752,324423834788.06586,147.77568011080126,-2.0655452933585e+20,
-27547.578894055016,326446550984.5043,147.8805929181865,-2.065542190717761e+20,
-27457.370259819065,328464875372.1168,147.98415975083822,-2.0655390875865593e+20,
-27368.159267064708,330478831980.2116,148.08640848543513,-2.065535985107923e+20,
-27279.927625630342,332488444888.18915,148.18736616374298,-2.0655328872308048e+20,
-27192.6574989792,334493738209.80066,148.28705931465507,-2.0655297835933958e+20,
-27106.33149038462,336494736078.44946,148.3855133867554,-2.065526684033426e+20,
-27020.93262959989,338491462633.47144,148.48275337812245,-2.065523583450349e+20,
-26936.444359994115,340483942007.33466,148.5788035177654,-2.0655204817573737e+20,
-26852.85052613634,342472198313.7024,148.67368728378167,-2.0655173842888825e+20,
-26770.13536181085,344456255636.30664,148.76742777342596,-2.065514281235136e+20,
-26688.28347844719,346436138018.58405,148.86004716207697,-2.0655111809300362e+20,
-26607.279853949127,348411869454.0265,148.9515671831689,-2.0655080826830927e+20,
-26527.109821907463,350383473877.2047,149.04200890043415,-2.0655049914942184e+20,
-26447.759061182012,352350975155.4229,149.1313930994684,-2.065501895689414e+20,
-26369.2135858389,354314397080.96765,149.21973979088997,-2.0654987978035377e+20,
-26291.45973542967,356273763363.91437,149.30706850164358,-2.0654956982096727e+20,
-26214.484165599297,358229097625.4574,149.39339815469344,-2.0654926034425296e+20,
-26138.273839010795,360180423391.7335,149.47874727939575,-2.0654895144329812e+20,
-26062.816016574496,362127764088.10803,149.56313414628747,-2.065486419099325e+20,
-25988.098248970487,364071143033.8959,149.6465762547626,-2.0654833245928954e+20,
-25914.108368453468,366010583437.4914,149.7290907739862,-2.0654802312820113e+20,
-25840.834480929243,367946108391.8831,149.81069443303983,-2.065477140306701e+20,
-25768.26495829298,369877740870.52826,149.89140366043068,-2.0654740457503048e+20,
-25696.388431019343,371805503723.5678,149.97123429732906,-2.0654709532135303e+20,
-25625.19378099534,373729419674.3596,150.0502018472768,-2.065467865153371e+20,
-25554.67013458684,375649511316.3112,150.1283217100282,-2.065464766904487e+20,
-25484.806855930197,377565801109.994,150.20560837964095,-2.0654616776228264e+20,
-25415.59354044079,379478311380.5219,150.2820764482801,-2.065458588120874e+20,
-25347.020008530486,381387064315.178,150.35773998084176,-2.0654555007187737e+20,
-25279.076299526463,383292081961.27484,150.4326128815376,-2.065452406784135e+20,
-25211.7526657841,385193386224.2336,150.50670834216473,-2.065449322362618e+20,
-25145.039566986874,387090998865.86847,150.58003977131634,-2.0654462297633135e+20,
-25078.927664626604,388984941502.86505,150.65261981552422,-2.0654431404034736e+20,
-25013.407816657487,390875235605.4393,150.7244610076568,-2.065440054122131e+20,
-24948.471072317767,392761902496.1663,150.79557568550976,-2.0654369648121833e+20,
-24884.108667113032,394644963348.97003,150.8659757650613,-2.065433875536393e+20,
-24820.31201795545,396524439188.2613,150.93567295188623,-2.0654307854679468e+20,
-24757.07271845334,398400350888.217,151.00467876838385,-2.065427688566418e+20,
-24694.38253434586,400272719172.1913,151.073004050003,-2.06542460685278e+20,
-24632.233399077708,402141564612.2496,151.14066013097624,-2.0654215137150747e+20,
-24570.617409508857,404006907628.81854,151.20765747582317,-2.0654184234483905e+20,
-24509.526821754753,405868768490.44525,151.2740065658592,-2.0654153339602285e+20,
-24448.95404715231,407727167313.65674,151.3397176623707,-2.0654122425914822e+20,
-24388.891648347464,409582124062.9154,151.40480072443384,-2.0654091519604893e+20,
-24329.332335500003,411433658550.66364,151.46926558126924,-2.065406059009821e+20,
-24270.268962601738,413281790437.4512,151.53312182943867,-2.0654029621562635e+20,
-24211.69452390407,415126539232.1411,151.59637863418018,-2.065399874933623e+20,
-24153.602150451272,416967924292.18835,151.65904541362679,-2.0653967808302668e+20,
-24095.985106715878,418805964823.9865,151.72113101000548,-2.0653936887882917e+20,
-24038.836787332733,420640679883.27826,151.78264436786566,-2.0653905883191244e+20,
-23982.150713928404,422472088375.62555,151.84359385972428,-2.0653874950081407e+20,
-23925.920532042735,424300209056.9354,151.90398802414967,-2.0653844013372008e+20,
-23870.14000813947,426125060534.0375,151.96383518464242,-2.0653813025056837e+20,
-23814.80302670301,427946661265.3095,152.02314334911983,-2.065378203595259e+20,
-23759.90358741841,429765029561.3491,152.08192045042975,-2.0653751036302118e+20,
-23705.43580243192,431580183585.68695,152.14017421619374,-2.0653720046682115e+20,
-23651.393893689376,433392141355.5386,152.19791232789086,-2.0653689012438404e+20,
-23597.77219034995,435200920742.5942,152.25514209932751,-2.0653658025851758e+20,
-23544.565126272737,437006539473.84045,152.31187104539245,-2.065362693987478e+20,
-23491.76723757385,438809015132.4155,152.36810598249104,-2.0653595987267892e+20,
-23439.373160251795,440608365158.4919,152.42385428377293,-2.065356492126546e+20,
-23387.377627878792,442404606850.18695,152.47912278820806,-2.0653533767072376e+20,
-23335.7754693561,444197757364.4978,152.5339179190592,-2.065350274531663e+20,
-23284.56160673112,445987833718.25916,152.58824658672916,-2.06534716490773e+20,
-23233.73105307445,447774852789.1224,152.64211516902319,-2.0653440551579812e+20,
-23183.27891041494,449558831316.5524,152.6955301661286,-2.0653409354280128e+20,
-23133.200367730853,451339785902.8431,152.74849753749297,-2.0653378251109145e+20,
-23083.49069899547,453117733014.1465,152.8010236084073,-2.065334709795545e+20,
-23034.145261275342,454892688981.5167,152.85311440919173,-2.065331587540304e+20,
-22985.159492879575,456664670001.9648,152.9047757382485,-2.0653284647680075e+20,
-22936.528911558573,458433692139.52386,152.95601325712735,-2.0653253498363786e+20,
-22888.24911275065,460199771326.3228,153.00683284014892,-2.065322228501757e+20,
-22840.31576787508,461962923363.66675,153.05724007021473,-2.065319099609297e+20,
-22792.72462267014,463723163923.12213,153.10724022295264,-2.0653159765398713e+20,
-22745.471495574755,465480508547.6062,153.15683886944936,-2.0653128446069182e+20,
-22698.55227615245,467234972652.47833,153.20604120278242,-2.0653097089922312e+20,
-22651.962923556282,468986571526.63245,153.2548521875618,-2.065306584424857e+20,
-22605.69946503358,470735320333.5887,153.3032771648738,-2.0653034520760166e+20,
-22559.757994469255,472481234112.58417,153.35132111951995,-2.0653003119939312e+20,
-22514.134670966574,474224327779.6605,153.39898892103992,-2.0652971661046088e+20,
-22468.82571746426,475964616128.7486,153.44628520413727,-2.0652940270019953e+20,
-22423.827419388883,477702113832.7483,153.49321475667912,-2.065290890156352e+20,
-22379.1361233415,479436835444.6041,153.53978232819208,-2.065287747745774e+20,
-22334.74823581753,481168795398.3751,153.5859924528678,-2.065284601603389e+20,
-22290.660221958908,482898008010.29877,153.63184949172046,-2.065281460382153e+20,
-22246.868604337604,484624487479.8492,153.67735808085945,-2.065278307089703e+20,
-22203.369961769546,486348247890.78894,153.72252236395622,-2.0652751549918714e+20,
-22160.160928158086,488069303212.21454,153.76734662461288,-2.0652720017787673e+20,
-22117.23819136619,489787667299.59546,153.81183510672813,-2.06526884269509e+20,
-22074.598492116434,491503353895.807,153.8559918026132,-2.0652656861928456e+20,
-22032.23862291811,493216376632.1571,153.89982072955152,-2.0652625338247863e+20,
-21990.155427020534,494926749029.4061,153.94332612518517,-2.0652593658837025e+20,
-21948.345797391925,496634484498.7819,153.98651150249708,-2.065256211106184e+20,
-21906.80667572305,498339596342.98773,154.02938115004918,-2.065253036222974e+20,
-21865.535051454928,500042097757.205,154.07193844866555,-2.0652498702735042e+20,
-21824.52796082997,501742001830.0901,154.11418716962842,-2.0652467088669462e+20,
-21783.78248596583,503439321544.76556,154.15613122509882,-2.065243532537325e+20,
-21743.295753951337,505134069779.8052,154.19777398287732,-2.065240357788749e+20,
-21703.064935963986,506826259310.21423,154.23911890544252,-2.0652371897913714e+20,
-21663.087246408217,508515902808.403,154.28016978299348,-2.0652340049279376e+20,
-21623.359942074076,510203012845.1554,154.32092979664893,-2.0652308208485836e+20,
-21583.88032131563,511887601890.591,154.3614022562648,-2.065227641523245e+20,
-21544.64572324855,513569682315.12225,154.40159054214732,-2.065224461586544e+20,
-21505.653526966427,515249266390.40375,154.44149805718504,-2.0652212699447706e+20,
-21466.901150775255,516926366290.2772,154.48112778591695,-2.0652180830997807e+20,
-21428.386051445625,518600994091.7093,154.52048304141218,-2.0652148889804813e+20,
-21390.105723482113,520273161775.7225,154.5595668778995,-2.0652116912733533e+20,
-21352.05769840946,521942881228.3204,154.59838222586185,-2.06520849938328e+20,
-21314.239544075008,523610164241.4052,154.63693227866207,-2.065205299159264e+20,
-21276.648863967097,525275022513.6891,154.6752199118399,-2.0652020969929592e+20,
-21239.28329654883,526937467651.5977,154.71324810408208,-2.0651988879483843e+20,
-21202.140514606952,528597511170.16705,154.75101942528985,-2.0651956948599842e+20,
-21165.218224615335,530255164493.9329,154.7885371830875,-2.065192480861747e+20,
-21128.51416611278,531910438957.8126,154.8258039619524,-2.0651892609774276e+20,
-21092.026111094652,533563345807.9793,154.86282236346267,-2.065186045762237e+20,
-21055.751863418125,535213896202.72833,154.89959516227572,-2.0651828293252648e+20,
-21019.68925822054,536862101213.3366,154.93612510015154,-2.0651796051287907e+20,
-20983.836161350664,538507971824.9132,154.97241473148713,-2.0651763779689657e+20,
-20948.190468812405,540151518937.2427,155.00846658477397,-2.0651731516439783e+20,
-20912.75010622076,541792753365.62024,155.04428321516124,-2.0651699249321837e+20,
-20877.513028269637,543431685841.6789,155.07986731648603,-2.065166682916502e+20,
-20842.477218211236,545068327014.2087,155.11522103416434,-2.0651634503206e+20,
-20807.640687346713,546702687449.968,155.15034702664934,-2.0651602092713293e+20,
-20773.001474527864,548334777634.48663,155.18524767353517,-2.065156960739651e+20,
-20738.55764566951,549964607972.8611,155.21992523651517,-2.0651537121772978e+20,
-20704.307293272323,551592188790.542,155.25438202120233,-2.065150464964435e+20,
-20670.24853595588,553217530334.113,155.2886204859058,-2.0651472058912457e+20,
-20636.379518001624,554840642772.0632,155.32264281872776,-2.0651439402676142e+20,
-20602.698408905482,556461536195.5494,155.3564509895408,-2.0651406880326717e+20,
-20569.203402940017,558080220619.1533,155.39004766639636,-2.065137411802462e+20,
-20535.892718725707,559696705981.6296,155.42343455254505,-2.0651341475331578e+20,
-20502.764598811264,561311002146.6464,155.4566141078541,-2.0651308692575135e+20,
-20469.81730926272,562923118903.5188,155.48958820464009,-2.0651275949121585e+20,
-20437.049139261035,564533065967.9355,155.5223591586018,-2.0651243050955712e+20,
-20404.458400708085,566140852982.6775,155.55492875257124,-2.065121020234637e+20,
-20372.043427840792,567746489518.3301,155.5872992133911,-2.065117723353045e+20,
-20339.802576853173,569349985073.9884,155.6194722411117,-2.0651144370370226e+20,
-20307.73422552619,570951349077.9563,155.65145009649441,-2.0651111371547427e+20,
-20275.83677286512,572550590888.4387,155.68323467481014,-2.065107826425545e+20,
-20244.108638744387,574147719794.2269,155.71482772795315,-2.065104516915032e+20,
-20212.548263559518,575742745015.3802,155.74623113540972,-2.06510120846357e+20,
-20181.154107886214,577335675703.8989,155.7774469144879,-2.06509788781332e+20,
-20149.924652146274,578926520944.3937,155.80847671987445,-2.0650945687001602e+20,
-20118.858396280237,580515289754.749,155.83932256555823,-2.0650912340809282e+20,
-20087.95385942655,582101991086.7811,155.8699858772819,-2.0650879121869314e+20,
-20057.20957960721,583686633826.8912,155.900468898547,-2.0650845635921884e+20,
-20026.62411341958,585269226796.7139,155.93077278779367,-2.065081234302952e+20,
-19996.196035734363,586849778753.7603,155.96089978874346,-2.0650778810244088e+20,
-19965.923939399523,588428298392.0568,155.99085129784024,-2.0650745269392835e+20,
-19935.806434950035,590004794342.78,156.0206288535301,-2.065071182045677e+20,
-19905.842150323337,591579275174.8851,156.05023442180175,-2.0650678199242772e+20,
-19876.02973058031,593151749395.7313,156.07966944502573,-2.06506445480299e+20,
-19846.36783763173,594722225451.7014,156.10893558812694,-2.06506108115441e+20,
-19816.855149969982,596290711728.8171,156.13803431727092,-2.06505770791661e+20,
-19787.490362405988,597857216553.3475,156.16696726089262,-2.0650543291642367e+20,
-19758.27218581116,599421748192.4143,156.19573597912154,-2.065050942873093e+20,
-19729.19934686436,600984314854.5892,156.2243419645148,-2.0650475509144692e+20,
-19700.27058780359,602544924690.486,156.2527865248948,-2.065044168706623e+20,
-19671.484666182514,604103585793.3452,156.2810715953649,-2.0650407587206483e+20,
-19642.840354631495,605660306199.6124,156.30919823564818,-2.0650373535825537e+20,
-19614.33644062321,607215093889.5087,156.33716786171058,-2.0650339552659594e+20,
-19585.971726242624,608767956787.5918,156.36498220593785,-2.0650305381918147e+20,
-19557.7450279613,610318902763.3118,156.39264254645448,-2.065027112627382e+20,
-19529.655176415912,611867939631.5537,156.4201499446628,-2.065023705331963e+20,
-19501.701016190873,613415075153.1755,156.447506346444,-2.0650202686371745e+20,
-19473.88140560501,614960317035.5333,156.4747126953625,-2.0650168361924955e+20,
-19446.1952165022,616503672932.9987,156.5017703232754,-2.0650134082398156e+20,
-19418.641334045835,618045150447.466,156.52868090181943,-2.0650099554452917e+20,
-19391.218656517114,619584757128.85,156.55544525407058,-2.0650065174937567e+20,
-19363.926095117014,621122500475.5743,156.58206506230832,-2.065003061440542e+20,
-19336.7625737719,622658387935.0505,156.60854121199168,-2.0649996192494866e+20,
-19309.727028942703,624192426904.1478,156.6348754526773,-2.064996149663043e+20,
-19282.818409437557,625724624729.6549,156.66106856322563,-2.0649926910205913e+20,
-19256.03567622786,627254988708.7325,156.68712196478413,-2.0649892268781175e+20,
-19229.377802267678,628783526089.359,156.71303690573757,-2.064985753935064e+20,
-19202.843772316373,630310244070.7686,156.7388144815669,-2.0649822804710598e+20,
-19176.432582764497,631835149803.8818,156.76445601570342,-2.0649787944654547e+20,
-19150.143241462727,633358250391.7306,156.78996250559402,-2.064975310047977e+20,
-19123.974767553944,634879552889.8773,156.8153351268248,-2.064971825254974e+20,
-19097.926191308237,636399064306.8278,156.84057500780136,-2.0649683409323688e+20,
-19071.99655396089,637916791604.4393,156.86568353126412,-2.0649648353358584e+20,
-19046.18490755319,639432741698.325,156.89066143271504,-2.0649613401563444e+20,
-19020.490314776085,640946921458.2526,156.9155100784467,-2.064957832790647e+20,
-18994.911848816566,642459337708.5402,156.9402302895018,-2.0649543355948787e+20,
-18969.44859320673,643969997228.4471,156.96482344741278,-2.0649508224467403e+20,
-18944.099641675515,645478906752.5626,156.98929036022625,-2.064947314703253e+20,
-18918.86409800298,646986072971.19,157.013632375994,-2.064943786894872e+20,
-18893.741075877137,648491502530.7274,157.03785029363144,-2.0649402591081228e+20,
-18868.72969875325,649995202034.0472,157.06194502277614,-2.0649367410750764e+20,
-18843.82909971556,651497178040.87,157.08591773733275,-2.064933219035586e+20,
-18819.0384213414,652997437068.1362,157.10976957196183,-2.0649296815225304e+20,
-18794.35681556764,654495985590.376,157.13350139267285,-2.06492613899502e+20,
-18769.78344355941,655992830040.0742,157.15711402604651,-2.0649226043682567e+20,
-18745.31747558107,657487976808.033,157.18060854054076,-2.064919068946117e+20,
-18720.95809086938,658981432243.7314,157.20398604514747,-2.0649155195764317e+20,
-18696.70447750882,660473202655.6825,157.22724743253372,-2.0649119606908512e+20,
-18672.55583230903,661963294311.7852,157.25039337807888,-2.06490841450127e+20,
-18648.511360684297,663451713439.6753,157.27342511179168,-2.0649048546949644e+20,
-18624.570276535098,664938466227.0714,157.2963434171152,-2.064901292416328e+20,
-18600.731802131628,666423558822.1188,157.31914917209843,-2.0648977298221856e+20,
-18576.995167999266,667906997333.7288,157.34184337173608,-2.064894158115067e+20,
-18553.35961280597,669388787831.9158,157.36442677467036,-2.064890588029294e+20,
-18529.824383251504,670868936348.1304,157.38690020663157,-2.0648870236969743e+20,
-18506.388733958604,672347448875.5886,157.40926469216294,-2.06488345121334e+20,
-18483.051927365817,673824331369.5983,157.4315211226075,-2.0648798673392566e+20,
-18459.813233622226,675299589747.8823,157.4536702250398,-2.0648762822686674e+20,
-18436.671930483808,676773229890.8972,157.47571282632353,-2.0648726967661275e+20,
-18413.627303211564,678245257642.1492,157.49764977219732,-2.064869109165636e+20,
-18390.678644471303,679715678808.5066,157.51948201034597,-2.0648655081339398e+20,
-18367.825254235002,681184499160.5089,157.54121014152227,-2.064861911763868e+20,
-18345.066439683862,682651724432.6715,157.56283505243147,-2.06485831250755e+20,
-18322.40151511286,684117360323.7891,157.58435760049593,-2.064854704591115e+20,
-18299.829801836873,685581412497.233,157.60577842969846,-2.0648511001413445e+20,
-18277.350628098327,687043886581.2487,157.62709838897302,-2.0648474926592082e+20,
-18254.963328976293,688504788169.2458,157.64831843349162,-2.0648438655830625e+20,
-18232.667246297053,689964122820.0898,157.66943888564734,-2.064840257085335e+20,
-18210.461728546125,691421896058.387,157.6904608295709,-2.064836637890213e+20,
-18188.346130781636,692878113374.768,157.7113850521432,-2.064833004036787e+20,
-18166.319814549104,694332780226.169,157.73221201298887,-2.0648293796619017e+20,
-18144.38214779755,695785902036.1093,157.75294249404146,-2.0648257599267455e+20,
-18122.532504796945,697237484194.9672,157.77357760963662,-2.0648221099858693e+20,
-18100.770266056952,698687532060.2529,157.79411761663516,-2.0648184698879217e+20,
-18079.09481824692,700136050956.8798,157.81456319210267,-2.0648148420565133e+20,
-18057.505554117175,701583046177.4335,157.83491548678043,-2.0648111863758468e+20,
-18036.001872421493,703028522982.4385,157.85517475453088,-2.0648075413485643e+20,
-18014.583177840796,704472486600.6243,157.87534199664037,-2.0648038787502788e+20,
-17993.24888090805,705914942229.1896,157.89541751644396,-2.0648002315486406e+20,
-17971.99839793428,707355895034.065,157.91540235499582,-2.0647965667051667e+20,
-17950.831150935763,708795350150.1749,157.93529695561142,-2.064792903584131e+20,
-17929.746567562328,710233312681.6986,157.95510212464444,-2.064789228717921e+20,
-17908.744081026765,711669787702.3306,157.97481835732725,-2.0647855557077405e+20,
-17887.823130035275,713104780255.54,157.99444631430703,-2.064781882872315e+20,
-17866.983158719053,714538295354.8308,158.01398663368093,-2.0647782099573198e+20,
-17846.22361656683,715970337983.9999,158.03344012079577,-2.064774521192307e+20,
-17825.543958358507,717400913097.3966,158.0528071800645,-2.0647708360364727e+20,
-17804.943644099734,718830025620.1809,158.07208857312298,-2.0647671414882678e+20,
-17784.422138957532,720257680448.5814,158.09128475171303,-2.0647634517121303e+20,
-17763.978913196835,721683882450.154,158.11039644203333,-2.0647597557656473e+20,
-17743.613442118,723108636464.0378,158.1294243357056,-2.0647560452298526e+20,
-17723.325205995254,724531947301.2124,158.14836882774662,-2.0647523377754223e+20,
-17703.113690016064,725953819744.7529,158.16723047654904,-2.0647486359193164e+20,
-17682.978384221366,727374258550.084,158.18601011064808,-2.064744917346231e+20,
-17662.918783446727,728793268445.2317,158.20470796429987,-2.064741212698841e+20,
-17642.934387264348,730210854131.0731,158.2233250182451,-2.0647374848922537e+20,
-17623.024699925885,731627020281.5841,158.2418615605911,-2.0647337587375692e+20,
-17603.18923030619,733041771544.0822,158.260318149966,-2.064730034195873e+20,
-17583.427491847764,734455112539.467,158.27869542381114,-2.0647263036090542e+20,
-17563.7390025061,735867047862.4567,158.2969938991979,-2.064722569704929e+20,
-17544.123284695772,737277582081.8181,158.31521427157224,-2.0647188185779372e+20,
-17524.579865237323,738686719740.5939,158.33335683160777,-2.0647150725146916e+20,
-17505.1082753049,740094465356.3228,158.35142213994055,-2.0647113289062823e+20,
-17485.708050374677,741500823421.255,158.36941074146088,-2.064707586102918e+20,
-17466.37873017395,742905798402.5613,158.3873232576904,-2.0647038350217167e+20,
-17447.11985863106,744309394742.5365,158.40516039278367,-2.0647000585722538e+20,
-17427.930983825932,745711616858.7968,158.42292215150385,-2.0646963028861416e+20,
-17408.811657941424,747112469144.4711,158.44060939733976,-2.06469253550077e+20,
-17389.761437215286,748511955968.3875,158.4582224901338,-2.0646887693759195e+20,
-17370.779881892857,749910081675.2527,158.47576196822445,-2.0646850007774937e+20,
-17351.866556180434,751306850585.828,158.49322845063432,-2.0646812181525853e+20,
-17333.021028199284,752702266997.0999,158.51062234639124,-2.0646774287061084e+20,
-17314.24286994036,754096335182.4456,158.5279440465214,-2.0646736409004514e+20,
-17295.5316572196,755489059391.7958,158.54519382946538,-2.0646698731383764e+20,
-17276.886969633902,756880443851.793,158.5623726422537,-2.064666082119988e+20,
-17258.308390517723,758270492765.9481,158.5794808299929,-2.0646622792782502e+20,
-17239.795506900267,759659210314.7928,158.5965187221214,-2.064658477127405e+20,
-17221.347909463293,761046600656.0304,158.6134868297267,-2.064654671115933e+20,
-17202.965192499512,762432667924.6863,158.63038554878023,-2.0646508668869637e+20,
-17184.646953871554,763817416233.2537,158.6472152638018,-2.0646470707719422e+20,
-17166.39279497153,765200849671.8417,158.66397683327997,-2.0646432450163157e+20,
-17148.202320681103,766582972308.3207,158.6806703142759,-2.0646394253547818e+20,
-17130.075139332195,767963788188.4663,158.69729624639595,-2.0646356026778114e+20,
-17112.01086266813,769343301336.1044,158.71385515089534,-2.0646317691714585e+20,
-17094.00910580539,770721515753.2555,158.7303472396254,-2.0646279452698067e+20,
-17076.069487195877,772098435420.2776,158.74677310781894,-2.064624115594528e+20,
-17058.19162858964,773474064296.0096,158.76313323501404,-2.0646202750841717e+20,
-17040.375154998186,774848406317.9148,158.77942789435386,-2.064616437459468e+20,
-17022.619694658224,776221465402.2238,158.79565753817616,-2.0646125994923265e+20,
-17004.924878995927,777593245444.0763,158.81182270896915,-2.064608749215972e+20,
-16987.290342591663,778963750317.6648,158.8279235364719,-2.0646049126804308e+20,
-16969.71572314523,780332983876.3752,158.84396093792046,-2.0646010423557557e+20,
-16952.20066144151,781700949952.9299,158.85993461636815,-2.0645972033677833e+20,
-16934.744801316632,783067652359.5275,158.87584576103097,-2.06459332211453e+20,
-16917.347789624535,784433094887.9841,158.89169405749664,-2.0645894647760454e+20,
-16900.009276204022,785797281309.8738,158.90748036558657,-2.064585587726665e+20,
-16882.72891384624,787160215376.6671,158.9232048434022,-2.064581712483252e+20,
-16865.506358262555,788521900819.8701,158.93886793403365,-2.06457783364649e+20,
-16848.341268052925,789882341351.1625,158.9544699625021,-2.0645739565402964e+20,
-16831.23330467462,791241540662.5334,158.97001145437252,-2.0645700673971995e+20,
-16814.18213241139,792599502426.4187,158.98549261544468,-2.0645661820894593e+20,
-16797.187418343037,793956230295.8347,159.00091404446596,-2.0645622793462134e+20,
-16780.24883231537,795311727904.5135,159.01627592394587,-2.064558376630597e+20,
-16763.36604691058,796665998867.0342,159.0315786272945,-2.0645544732121937e+20,
-16746.538737417985,798019046778.9562,159.04682242144375,-2.0645505780806677e+20,
-16729.766581805136,799370875216.9482,159.06200805152722,-2.064546654925894e+20,
-16713.04926068936,800721487738.9198,159.07713546395948,-2.0645427423097825e+20,
-16696.38645730961,802070887884.147,159.09220519185544,-2.0645388232889434e+20,
-16679.777857498702,803419079173.4021,159.1072176490873,-2.0645348918374987e+20,
-16663.22314965593,804766065109.0776,159.12217304852788,-2.0645309606169854e+20,
-16646.72202472,806111849175.3126,159.1370717971493,-2.0645270236982434e+20,
-16630.274176142353,807456434838.1156,159.15191437194505,-2.064523068231753e+20,
-16613.879299860786,808799825545.4877,159.1667007649342,-2.064519126977022e+20,
-16597.537094273448,810142024727.5443,159.18143143181703,-2.0645151885836724e+20,
-16581.247260213146,811483035796.6362,159.19610694440638,-2.0645112303859404e+20,
-16565.009500921988,812822862147.4695,159.21072754915838,-2.0645072602621883e+20,
-16548.823522026352,814161507157.2245,159.22529348214456,-2.0645032868384807e+20,
-16532.689031512182,815498974185.6757,159.2398049863643,-2.0644993178484005e+20,
-16516.605739700553,816835266575.3085,159.25426246714662,-2.0644953453492886e+20,
-16500.57335922361,818170387651.4385,159.2686663549938,-2.0644913587225287e+20,
-16484.591605000758,819504340722.3278,159.28301684740347,-2.0644873692632207e+20,
-16468.66019421519,820837129079.3041,159.2973142260312,-2.0644833800265843e+20,
-16452.77884629068,822168755996.8773,159.31155889432134,-2.0644793822088577e+20,
-16436.94728286869,823499224732.8584,159.32575122871305,-2.064475369313138e+20,
-16421.16522778575,824828538528.4772,159.3398911812134,-2.064471375137618e+20,
-16405.432407051147,826156700608.502,159.35397952481168,-2.064467354832079e+20,
-16389.74854882484,827483714181.3596,159.36801630697943,-2.0644633326057842e+20,
-16374.113383395712,828809582439.2567,159.38200186792884,-2.064459304468602e+20,
-16358.526643160056,830134308558.301,159.39593665382932,-2.064455256030224e+20,
-16342.988062600329,831457895698.6257,159.40982066435794,-2.064451215450084e+20,
-16327.497378264192,832780347004.5135,159.4236543497663,-2.0644471674951723e+20,
-16312.054328743781,834101665604.5238,159.43743799462013,-2.064443112575392e+20,
-16296.658654655259,835421854611.6194,159.4511718022755,-2.064439058683396e+20,
-16281.3100986186,836740917123.2965,159.46485617743167,-2.0644349942457418e+20,
-16266.008405237628,838058856221.7146,159.47849130754554,-2.0644309283470937e+20,
-16250.753321080307,839375674973.8291,159.4920777687295,-2.064426832441918e+20,
-16235.544594659254,840691376431.5227,159.50561521849286,-2.064422766238488e+20,
-16220.381976412511,842005963631.7408,159.51910463706446,-2.0644186618042224e+20,
-16205.265218684528,843319439596.6239,159.53254587624687,-2.0644145597342692e+20,
-16190.194075707383,844631807333.6421,159.54593926961437,-2.0644104539892554e+20,
-16175.168303582232,845943069835.7295,159.55928507416434,-2.0644063457082783e+20,
-16160.187660260972,847253230081.4158,159.57258360784832,-2.06440222993168e+20,
-16145.251905528126,848562291034.9583,159.5858351129175,-2.0643981088111654e+20,
-16130.360800982939,849870255646.4718,159.59904001073883,-2.064393966951009e+20,
-16115.51411002168,851177126852.0553,159.61219819872642,-2.0643898395082513e+20,
-16100.711597820178,852482907573.916,159.62531029509802,-2.0643856916133646e+20,
-16085.95303131652,853787600720.491,159.63837648706973,-2.0643815299462077e+20,
-16071.238179193982,855091209186.5636,159.65139676864837,-2.0643773797820557e+20,
-16056.566811864157,856393735853.377,159.66437161718946,-2.0643732192854327e+20,
-16041.93870145027,857695183588.7421,159.6773013456746,-2.06436904236132e+20,
-16027.353621770684,858995555247.1423,159.6901860845679,-2.0643648604781393e+20,
-16012.81134832262,860294853669.8329,159.70302601247124,-2.0643606802602833e+20,
-15998.311658266051,861593081684.9349,159.71582160771206,-2.06435647894734e+20,
-15983.854330407781,862890242107.5264,159.72857279368785,-2.0643522876675257e+20,
-15969.439145185734,864186337739.7269,159.74128003537135,-2.0643480845859904e+20,
-15955.065884653397,865481371370.7808,159.75394367007664,-2.0643438600989865e+20,
-15940.734332464477,866775345777.133,159.7665637218674,-2.064339635018996e+20,
-15926.444273857718,868068263722.5052,159.77914033024112,-2.064335418747448e+20,
-15912.195495641903,869360127957.9656,159.79167399675217,-2.064331185097764e+20,
-15897.987786181036,870650941221.998,159.804164971241,-2.0643269322942913e+20,
-15883.8209353797,871940706240.5684,159.8166130365056,-2.06432270416107e+20,
-15869.694734668567,873229425727.1887,159.8290191051527,-2.0643184336601566e+20,
-15855.608976990112,874517102382.9808,159.8413827627062,-2.0643141836499308e+20,
-15841.563456784463,875803738896.7375,159.85370463460998,-2.064309914860478e+20,
-15827.557969975423,877089337944.9849,159.8659848768181,-2.0643056338900845e+20,
-15813.592313956668,878373902192.0422,159.87822357944643,-2.0643013536647397e+20,
-15799.666287578075,879657434290.0844,159.890421134956,-2.0642970572302526e+20,
-15785.779691132238,880939936879.2008,159.90257746339503,-2.0642927739434667e+20,
-15771.932326341106,882221412587.4591,159.91469319581014,-2.0642884630226282e+20,
-15758.12399634281,883501864030.9646,159.9267681485973,-2.0642841637415944e+20,
-15744.354505678595,884781293813.9247,159.93880299989823,-2.0642798303000284e+20,
-15730.623660279934,886059704528.7097,159.95079737059308,-2.0642755209992015e+20,
-15716.931267455764,887337098755.9183,159.96275192789423,-2.0642711907727688e+20,
-15703.27713587988,888613479064.441,159.974666807531,-2.0642668468221936e+20,
-15689.661075578462,889888848011.5248,159.98654201240078,-2.064262509354789e+20,
-15676.08289791774,891163208142.8391,159.99837792072478,-2.064258161330557e+20,
-15662.542415591794,892436561992.5419,160.01017483385155,-2.064253793130122e+20,
-15649.03944261049,893708912083.3461,160.02193255548048,-2.0642494442807696e+20,
-15635.573794287564,894980260926.5865,160.03365172182845,-2.064245071705538e+20,
-15622.145287228803,896250611022.2877,160.04533243571913,-2.0642406850011175e+20,
-15608.753739320395,897519964859.2311,160.0569745750205,-2.0642363159809796e+20,
-15595.398969717375,898788324915.0226,160.06857888968938,-2.0642319097496112e+20,
-15582.080798832221,900055693656.1613,160.08014511820056,-2.0642275116905696e+20,
-15568.799048323555,901322073538.1066,160.09167360005858,-2.0642231073708786e+20,
-15555.553541084982,902587467005.3462,160.10316459301225,-2.064218690320242e+20,
-15542.34410123405,903851876491.4637,160.11461807759497,-2.0642142815259794e+20,
-15529.170554101314,905115304419.2065,160.1260344305812,-2.064209862399197e+20,
-15516.032726219539,906377753200.5519,160.1374139336332,-2.0642054236544336e+20,
-15502.930445313004,907639225236.7742,160.14875655260607,-2.0642009873629643e+20,
-15489.863540286942,908899722918.5115,160.16006274014225,-2.0641965269113563e+20,
-15476.831841217067,910159248625.8307,160.1713323619145,-2.0641920741337068e+20,
-15463.835179339228,911417804728.2936,160.18256577071935,-2.06418761211206e+20,
-15450.873387039192,912675393585.0208,160.19376291281222,-2.064183164425001e+20,
-15437.946297842493,913932017544.7568,160.20492444345217,-2.064178683612022e+20,
-15425.053746404436,915187678945.9329,160.21605029967316,-2.0641741939037474e+20,
-15412.19556850018,916442380116.7308,160.2271405034644,-2.0641697109492643e+20,
-15399.371601014935,917696123375.1445,160.23819529430702,-2.0641652285004805e+20,
-15386.581681934265,918948911029.0433,160.24921513019106,-2.06416071824491e+20,
-15373.825650334484,920200745376.2323,160.2601997966156,-2.064156219195064e+20,
-15361.103346373176,921451628704.5142,160.27114974285016,-2.0641517036537505e+20,
-15348.414611279792,922701563291.7489,160.2820651913306,-2.0641471665367895e+20,
-15335.75928734635,923950551405.9153,160.29294591309417,-2.0641426480283337e+20,
-15323.137217918262,925198595305.1699,160.3037924342593,-2.0641381122992066e+20,
-15310.54824738521,926445697237.9081,160.31460478515314,-2.0641335732414516e+20,
-15297.992221172151,927691859442.8231,160.32538326045582,-2.0641290180272705e+20,
-15285.468985730422,928937084148.9666,160.33612783683165,-2.0641244657433133e+20,
-15272.978388528902,930181373575.8088,160.34683902445548,-2.0641198815875557e+20,
-15260.52027804531,931424729933.2997,160.35751629897845,-2.064115334981122e+20,
-15248.094503757557,932667155421.9294,160.3681605656841,-2.0641107510102534e+20,
-15235.700916135214,933908652232.7914,160.37877169498137,-2.0641061590501582e+20,
-15223.339366631062,935149222547.6442,160.3893497780837,-2.064101566107206e+20,
-15211.009707672722,936388868538.9769,160.3998950803203,-2.0640969614779597e+20,
-15198.711792654372,937627592370.0737,160.4104074593067,-2.0640923755966697e+20,
-15186.44547592858,938865396195.0798,160.42088753483696,-2.0640877616601022e+20,
-15174.210612798166,940102282159.0721,160.43133519727525,-2.064083146573407e+20,
-15162.007059508207,941338252398.1263,160.4417507928952,-2.0640785109658052e+20,
-15149.834673238083,942573309039.3909,160.45213411477656,-2.0640738914439165e+20,
-15137.693312093626,943807454201.1592,160.4624856305324,-2.0640692561145066e+20,
-15125.582835099345,945040689992.9453,160.47280553887452,-2.0640646002213742e+20,
-15113.503102190725,946273018515.5616,160.48309370846195,-2.064059952439115e+20,
-15101.453974206619,947504441861.1967,160.4933505577089,-2.0640552854987814e+20,
-15089.435312881693,948734962113.4956,160.5035757699417,-2.0640506467632736e+20,
-15077.446980838986,949964581347.6423,160.513770249958,-2.0640459592466255e+20,
-15065.4888415825,951193301630.4407,160.52393344529222,-2.064041294133213e+20,
-15053.560759489914,952421125020.3984,160.5340659895598,-2.0640366017808738e+20,
-15041.662599805313,953648053567.8104,160.54416772655887,-2.064031912882547e+20,
-15029.794228632047,954874089314.8406,160.55423891558186,-2.0640272157072582e+20,
-15017.95551292563,956099234295.6053,160.56427958457806,-2.0640225220197214e+20,
-15006.146320486707,957323490536.2529,160.57429016283066,-2.0640178025191978e+20,
-14994.366519954106,958546860055.0443,160.58427044262785,-2.0640130928496165e+20,
-14982.615980797955,959769344862.4283,160.59422075841317,-2.064008373197846e+20,
-14970.894573312844,960990946961.1157,160.60414130014524,-2.064003638397165e+20,
-14959.202168611093,962211668346.1505,160.6140319907893,-2.0639989105103985e+20,
-14947.538638616057,963431511004.9753,160.62389324302055,-2.063994161395818e+20,
-14935.903856055504,964650476917.496,160.63372491888333,-2.063989419191356e+20,
-14924.297694455063,965868568056.1381,160.643527248964,-2.0639846742150506e+20,
-14912.720028131738,967085786385.9028,160.65330054882762,-2.0639799079556045e+20,
-14901.17073218747,968302133864.4149,160.6630446701595,-2.0639751493917252e+20,
-14889.649682502784,969517612441.969,160.67275992194092,-2.0639703805083507e+20,
-14878.1567557305,970732224061.5693,160.68244629217995,-2.0639656161486504e+20,
-14866.691829289486,971945970658.9669,160.692104171356,-2.0639608297189635e+20,
-14855.254781358495,973158854162.6915,160.70173345409646,-2.0639560454931064e+20,
-14843.845490870059,974370876494.0818,160.71133438069322,-2.063951252132248e+20,
-14832.46383750444,975582039567.3096,160.72090707093108,-2.0639464505988157e+20,
-14821.109701683657,976792345289.4044,160.73045135271113,-2.0639416718487074e+20,
-14809.782964565564,978001795560.2734,160.73996797819595,-2.0639368515335864e+20,
-14798.483508037976,979210392272.7198,160.74945662399895,-2.063932036027442e+20,
-14787.211214712892,980418137312.4612,160.758917398487,-2.0639272271615856e+20,
-14775.965967920736,981625032558.1439,160.76835058155356,-2.0639224089776557e+20,
-14764.747651704685,982831079881.3597,160.77775630446286,-2.0639175807575173e+20,
-14753.556150815035,984036281146.66,160.7871344348953,-2.0639127689465253e+20,
-14742.391350703647,985240638211.5703,160.79648556408628,-2.0639079251346964e+20,
-14731.253137518417,986444152926.6056,160.80580949449194,-2.063903082349733e+20,
-14720.141398097825,987646827135.2847,160.8151063187382,-2.0638982435684257e+20,
-14709.056019965536,988848662674.1471,160.82437647330437,-2.0638933760780288e+20,
-14697.996891325034,990049661372.768,160.83361949177458,-2.063888540592235e+20,
-14686.963901054323,991249825053.7759,160.84283603871495,-2.0638836806021202e+20,
-14675.956938700701,992449155532.8708,160.85202604898168,-2.0638788151071608e+20,
-14664.975894475525,993647654618.8422,160.86118954073447,-2.0638739544231058e+20,
-14654.020659249081,994845324113.589,160.8703269122422,-2.063869069336917e+20,
-14643.091124545486,996042165812.1401,160.87943794176456,-2.0638641949208592e+20,
-14632.187182537626,997238181502.675,160.88852287387533,-2.063859317768251e+20,
-14621.30872604215,998433372966.5466,160.8975818647731,-2.0638544335624723e+20,
-14610.455648514524,999627741978.3026,160.90661491901835,-2.0638495536840098e+20,
-14599.627844044104,1000821290305.7102,160.91562227373407,-2.0638446652502268e+20,
-14588.825207349279,1002014019709.779,160.92460392787697,-2.063839780088601e+20,
-14578.047633772645,1003205931944.7854,160.9335602635999,-2.063834870041993e+20,
-14567.295019276235,1004397028758.2974,160.9424909531004,-2.0638299808529193e+20,
-14556.56726043678,1005587311891.1996,160.9513966311959,-2.0638250578606077e+20,
-14545.864254441025,1006776783077.719,160.96027702949942,-2.0638201404967708e+20,
-14535.185899081085,1007965444045.4493,160.9691322195053,-2.0638152327088144e+20,
-14524.53209274984,1009153296515.3771,160.97796265786698,-2.0638102981408437e+20,
-14513.902734436373,1010340342201.9077,160.98676800289692,-2.0638053837474913e+20,
-14503.297723721458,1011526582812.8899,160.99554862135284,-2.0638004624161777e+20,
-14492.716960773085,1012712020049.6418,161.00430457438262,-2.063795538889889e+20,
-14482.16034634201,1013896655606.9763,161.01303631003768,-2.0637905773495363e+20,
-14471.62778175738,1015080491173.2261,161.0217431530119,-2.0637856594969362e+20,
-14461.11916892236,1016263528430.2686,161.03042602264077,-2.0637807000256686e+20,
-14450.634410309833,1017445769053.5502,161.03908440888617,-2.0637757632525864e+20,
-14440.173408958117,1018627214712.1117,161.04771875098095,-2.0637708139834953e+20,
-14429.736068466722,1019807867068.6122,161.0563292481211,-2.0637658420802817e+20,
-14419.322292992163,1020987727779.3529,161.0649154499227,-2.0637609055224457e+20,
-14408.931987243794,1022166798494.3013,161.07347811330357,-2.063755935516353e+20,
-14398.565056479685,1023345080857.1146,161.08201702239194,-2.0637509653072128e+20,
-14388.221406502538,1024522576505.164,161.09053229793858,-2.0637459927463005e+20,
-14377.900943655637,1025699287069.5569,161.09902395808714,-2.063741026411563e+20,
-14367.603574818846,1026875214175.1617,161.10749242829962,-2.0637360319653442e+20,
-14357.329207404611,1028050359440.6311,161.1159373284508,-2.0637310597687047e+20,
-14347.077749354043,1029224724478.4254,161.12435916431613,-2.0637260668890068e+20,
-14336.849109133009,1030398310894.8369,161.13275770618307,-2.0637210877695948e+20,
-14326.643195728255,1031571120290.0145,161.14113321565796,-2.0637161050494678e+20,
-14316.459918643575,1032743154257.9889,161.14948602392255,-2.063711093933843e+20,
-14306.299187896022,1033914414386.698,161.15781573870532,-2.0637061058804295e+20,
-14296.160914012127,1035084902258.0139,161.1661230967969,-2.0637010731572124e+20,
-14286.045008024183,1036254619447.7705,161.1744073758754,-2.0636960819978142e+20,
-14275.951381466533,1037423567525.793,161.18266922474467,-2.0636910738141708e+20,
-14265.879946371928,1038591748055.9271,161.19090880861566,-2.0636860409882526e+20,
-14255.830615267867,1039759162596.0725,161.19912580730823,-2.0636810271827267e+20,
-14245.803301173026,1040925812698.2153,161.2073205388057,-2.063676008536991e+20,
-14235.797917593673,1042091699908.4645,161.21549332002897,-2.0636709612011104e+20,
-14225.814378520145,1043256825767.0892,161.22364390787996,-2.0636659205551332e+20,
-14215.852598423346,1044421191808.5591,161.2317722890162,-2.0636608976357848e+20,
-14205.912492251273,1045584799561.5859,161.23987885862311,-2.0636558601226695e+20,
-14195.993975425576,1046747650549.1683,161.2479638515469,-2.0636507925907368e+20,
-14186.096963838154,1047909746288.6381,161.25602668004376,-2.0636457668416605e+20,
-14176.221373847771,1049071088291.7096,161.26406814398356,-2.0636407074047495e+20,
-14166.367122276708,1050231678064.5304,161.27208797830514,-2.0636356517524796e+20,
-14156.53412640746,1051391517107.7335,161.28008656960475,-2.063630568109845e+20,
-14146.722303979413,1052550606916.4926,161.28806357228194,-2.0636255024484617e+20,
-14136.93157318562,1053708948980.5771,161.29601920218693,-2.0636204410418207e+20,
-14127.161852669542,1054866544784.4098,161.3039537635514,-2.0636153606791823e+20,
-14117.413061521846,1056023395807.122,161.31186714207414,-2.063610282620806e+20,
-14107.685119277232,1057179503522.6118,161.31975955492496,-2.0636051928028696e+20,
-14097.977945911285,1058334869399.6012,161.32763088947857,-2.0636001122329975e+20,
-14088.291461837334,1059489494901.6902,161.33548135382753,-2.063595027709605e+20,
-14078.625587903365,1060643381487.4105,161.3433110764529,-2.0635899344490994e+20,
-14068.980245388942,1061796530610.279,161.35112018395856,-2.063584827809533e+20,
-14059.355356002154,1062948943718.8447,161.35890855582295,-2.063579729475761e+20,
-14049.7508418766,1064100622256.7355,161.36667663958363,-2.0635746004451076e+20,
-14040.166625568378,1065251567662.7012,161.37442414869437,-2.063569480042026e+20,
-14030.602630053116,1066401781370.6516,161.38215103652587,-2.063564381962925e+20,
-14021.058778723025,1067551264809.6914,161.38985774904182,-2.063559267194065e+20,
-14011.534995383963,1068700019404.1509,161.3975445656377,-2.06355411442811e+20,
-14002.031204252546,1069848046573.6129,161.40521077954986,-2.063549007841749e+20,
-13992.54732995326,1070995347732.9342,161.4128572417881,-2.063543864878411e+20,
-13983.083297515619,1072141924292.2651,161.42048373455088,-2.0635387173069285e+20,
-13973.639032371324,1073287777657.0635,161.428090120156,-2.0635335883171018e+20,
-13964.21446035148,1074432909228.1062,161.43567691717456,-2.063528430717265e+20,
-13954.809507683796,1075577320401.4977,161.44324381979342,-2.063523285631342e+20,
-13945.42410098985,1076721012568.6748,161.45079117942245,-2.0635181236682044e+20,
-13936.058167282348,1077863987116.4103,161.45831901596367,-2.0635129509367375e+20,
-13926.711633962424,1079006245426.8138,161.46582718360463,-2.0635077913129298e+20,
-13917.384428816958,1080147788877.3322,161.4733158636722,-2.063502633510975e+20,
-13908.076480015914,1081288618840.7471,161.4807854016148,-2.0634974485347926e+20,
-13898.787716109719,1082428736685.1737,161.48823548147257,-2.0634922784371202e+20,
-13889.518066026636,1083568143774.0577,161.49566652781576,-2.063487085610591e+20,
-13880.26745907019,1084706841466.1733,161.50307822129236,-2.0634819124265343e+20,
-13871.035824916595,1085844831115.6205,161.51047115045986,-2.0634767035018035e+20,
-13861.823093612207,1086982114071.8231,161.51784490777314,-2.063471510642404e+20,
-13852.629195571013,1088118691679.5282,161.5251997483075,-2.0634663142733988e+20,
-13843.454061572123,1089254565278.8054,161.53253567707233,-2.063461121710166e+20,
-13834.297622757294,1090389736205.0472,161.5398530286364,-2.063455904683333e+20,
-13825.159810628464,1091524205788.9712,161.54715163729446,-2.06345068882752e+20,
-13816.040557045319,1092657975356.6223,161.55443150335736,-2.0634454818526416e+20,
-13806.939794222875,1093791046229.3763,161.5616931256785,-2.0634402375866155e+20,
-13797.857454729081,1094923419723.9458,161.56893600239633,-2.0634350178808686e+20,
-13788.793471482428,1096055097152.3848,161.57616054238207,-2.0634297861887482e+20,
-13779.7477777496,1097186079822.0967,161.58336674038972,-2.0634245506502387e+20,
-13770.720307143138,1098316369035.8416,161.59055458975075,-2.06341931953165e+20,
-13761.710993619097,1099445966091.7458,161.597724333238,-2.0634140740711065e+20,
-13752.719771474765,1100574872283.311,161.6048760429151,-2.0634088139211004e+20,
-13743.746575346364,1101703088899.425,161.61200953800957,-2.063403566084269e+20,
-13734.791340206788,1102830617224.3728,161.61912497632267,-2.0633983208730132e+20,
-13725.854001363356,1103957458537.849,161.6262227577987,-2.063393042289412e+20,
-13716.934494455578,1105083614114.9685,161.63330261614826,-2.0633877665025196e+20,
-13708.032755452947,1106209085226.2815,161.640364534898,-2.0633825025929144e+20,
-13699.148720652742,1107333873137.7847,161.64740874825713,-2.0633772324031316e+20,
-13690.282326677847,1108457979110.9365,161.65443557039626,-2.063371929022968e+20,
-13681.4335104746,1109581404402.669,161.66144455734693,-2.0633666478288552e+20,
-13672.602209310648,1110704150265.4036,161.66843619195748,-2.0633613435124934e+20,
-13663.788360772805,1111826217947.0632,161.67541011834248,-2.0633560618531717e+20,
-13654.991902764978,1112947608691.089,161.6823670592796,-2.063350731330704e+20,
-13646.212773506048,1114068323736.4521,161.68930640301937,-2.0633454254981982e+20,
-13637.450911527802,1115188364317.6692,161.69622837542994,-2.0633401268014586e+20,
-13628.70625567288,1116307731664.8157,161.70313353541627,-2.0633347813494404e+20,
-13619.978745092734,1117426427003.5425,161.71002109343786,-2.0633294820457637e+20,
-13611.268319245602,1118544451555.0874,161.71689185938948,-2.063324147571742e+20,
-13602.574917894495,1119661806536.291,161.7237455477653,-2.063318815885342e+20,
-13593.898481105205,1120778493159.6108,161.7305824593253,-2.0633134610162975e+20,
-13585.238949244344,1121894512633.1355,161.7374025596897,-2.0633080934898005e+20,
-13576.596262977358,1123009866160.5999,161.7442055586958,-2.063302751735893e+20,
-13567.97036326661,1124124554941.399,161.7509920079466,-2.063297382276947e+20,
-13559.361191369424,1125238580170.6038,161.7577616146513,-2.063292023771275e+20,
-13550.768688836197,1126351943038.976,161.76451459397106,-2.0632866593835634e+20,
-13542.192797508482,1127464644732.9846,161.7712513198483,-2.0632812548551148e+20,
-13533.633459517116,1128576686434.8213,161.77797108063308,-2.0632758945873465e+20,
-13525.09061728035,1129688069322.4185,161.78467483782634,-2.0632704799880872e+20,
-13516.56421350199,1130798794569.467,161.79136187707084,-2.0632650957354497e+20,
-13508.054191169576,1131908863345.4348,161.79803282300574,-2.0632596799661628e+20,
-13499.560493552544,1133018276815.5872,161.8046873730777,-2.0632542722668642e+20,
-13491.08306420043,1134127036141.0088,161.81132573508552,-2.0632488563176076e+20,
-13482.621846941065,1135235142478.6265,161.81794793921125,-2.0632434352137e+20,
-13474.176785878806,1136342596981.233,161.8245541121144,-2.0632380014397696e+20,
-13465.747825392777,1137449400797.5151,161.83114410435894,-2.0632325777307206e+20,
-13457.334910135103,1138555555072.0828,161.83771837631863,-2.0632271198853874e+20,
-13448.937985029193,1139661060945.4976,161.84427661744692,-2.063221668257446e+20,
-13440.556995268007,1140765919554.308,161.85081902959502,-2.063216206941607e+20,
-13432.19188631236,1141870132031.0852,161.85734563566902,-2.0632107396411163e+20,
-13423.842603889214,1142973699504.4604,161.86385637816883,-2.0632052788724777e+20,
-13415.509093990018,1144076623099.1658,161.87035153488085,-2.0631998002650533e+20,
-13407.191302869023,1145178903936.0781,161.8768310461345,-2.0631943165067864e+20,
-13398.889177041641,1146280543132.264,161.88329510901838,-2.0631888120141175e+20,
-13390.602663282813,1147381541801.0273,161.88974348239685,-2.063183319399084e+20,
-13382.331708625356,1148481901051.9602,161.89617636103958,-2.0631778232792295e+20,
-13374.076260358383,1149581621990.993,161.9025939391481,-2.0631723082808744e+20,
-13365.836266025673,1150680705720.4482,161.90899623021627,-2.063166778896037e+20,
-13357.611673424104,1151779153339.0938,161.9153831678051,-2.0631612484077024e+20,
-13349.402430602062,1152876965942.1973,161.92175468424892,-2.063155730224293e+20,
-13341.208485857876,1153974144621.58,161.92811138575667,-2.0631501633811238e+20,
-13333.02978773828,1155070690465.6716,161.9344525275727,-2.0631446359307842e+20,
-13324.866285036842,1156166604559.5603,161.9407789734332,-2.0631390583951285e+20,
-13316.717926792464,1157261887985.046,161.9470901326214,-2.0631335018154417e+20,
-13308.584662287836,1158356541820.6863,161.95338645126728,-2.0631279227213955e+20,
-13300.466441047944,1159450567141.8452,161.95966785561018,-2.0631223350275414e+20,
-13292.363212838552,1160543965020.734,161.96593408855406,-2.063116772917443e+20,
-13284.27492766474,1161636736526.4502,161.9721859323062,-2.0631111556099172e+20,
-13276.201535769398,1162728882725.0146,161.97842271126055,-2.0631055635270068e+20,
-13268.142987631778,1163820404679.4011,161.98464486810283,-2.063099953364252e+20,
-13260.09923396603,1164911303449.5654,161.9908522965903,-2.0630943425258625e+20,
-13252.070225719759,1166001580092.468,161.9970452044566,-2.0630887136255138e+20,
-13244.055914072585,1167091235662.093,162.00322348296467,-2.0630830843025172e+20,
-13236.056250434727,1168180271209.464,162.0093871553325,-2.0630774575636922e+20,
-13228.071186445586,1169268687782.6572,162.01553655510253,-2.063071801971788e+20,
-13220.100673972334,1170356486426.8083,162.0216714140139,-2.0630661527946786e+20,
-13212.144665108548,1171443668184.1191,162.027792014841,-2.0630604841589404e+20,
-13204.203112172803,1172530234093.8606,162.03389816469308,-2.0630548229463146e+20,
-13196.27596770732,1173616185192.3735,162.0399902228258,-2.0630491347176974e+20,
-13188.363184476602,1174701522513.0686,162.0460679938671,-2.063043446589684e+20,
-13180.464715466087,1175786247086.4226,162.05213157342797,-2.0630377533458278e+20,
-13172.580513880814,1176870359939.977,162.05818094863236,-2.0630320618003526e+20,
-13164.710533144096,1177953862098.3328,162.0642162909422,-2.0630263582456257e+20,
-13156.85472689621,1179036754583.1472,162.0702375854737,-2.063020649665616e+20,
-13149.01304899308,1180119038413.1284,162.07624492508924,-2.063014931034534e+20,
-13141.185453504992,1181200714604.0334,162.08223837006068,-2.063009200923459e+20,
-13133.371894715308,1182281784168.6626,162.08821793488536,-2.0630034629755512e+20,
-13125.572327119186,1183362248116.858,162.09418349113915,-2.062997736741043e+20,
-13117.786705422313,1184442107455.5007,162.10013557912902,-2.0629919672242648e+20,
-13110.014984539655,1185521363188.5103,162.10607372767205,-2.0629862121254443e+20,
-13102.257119594204,1186600016316.8435,162.11199802503086,-2.0629804667918438e+20,
-13094.513065915737,1187678067838.4949,162.1179090535136,-2.0629746714065083e+20,
-13086.782779039586,1188755518748.4988,162.12380603098094,-2.0629689183631498e+20,
-13079.066214705419,1189832370038.9321,162.12968980264046,-2.0629631184296093e+20,
-13071.363328856021,1190908622698.9165,162.13556000201757,-2.0629573175843275e+20,
-13063.674077636098,1191984277714.623,162.1414165258644,-2.062951532430025e+20,
-13055.998417391065,1193059336069.2776,162.14725980009314,-2.0629457204139894e+20,
-13048.336304665872,1194133798743.1663,162.15308953134104,-2.0629399193358526e+20,
-13040.68769620381,1195207666713.6409,162.1589061443654,-2.0629340866901446e+20,
-13033.052548945347,1196280940955.1267,162.16470926735659,-2.0629282690292007e+20,
-13025.430820026953,1197353622439.1301,162.17049913448093,-2.0629224451108684e+20,
-13017.822466779955,1198425712134.2454,162.17627590318025,-2.062916602232206e+20,
-13010.22744672938,1199497211006.1626,162.18203973049364,-2.0629107276948062e+20,
-13002.645717592804,1200568120017.6765,162.18779005029066,-2.062904889797411e+20,
-12995.077237279236,1201638440128.695,162.19352747408175,-2.0628990248991182e+20,
-12987.521963887979,1202708172296.2468,162.1992519665257,-2.0628931417841756e+20,
-12979.979855707506,1203777317474.4905,162.20496322427974,-2.0628872792888023e+20,
-12972.450871214369,1204845876614.7224,162.2106618581608,-2.0628813737003277e+20,
-12964.934969072066,1205913850665.3855,162.21634737193776,-2.062875485462609e+20,
-12957.43210812997,1206981240572.0774,162.2220200328776,-2.062869589347966e+20,
-12949.942247422223,1208048047277.5579,162.22767987658764,-2.0628636860935697e+20,
-12942.465346166668,1209114271721.7573,162.23332697811202,-2.062857771984277e+20,
-12935.001363763758,1210179914841.7834,162.2389613711016,-2.062851847930608e+20,
-12927.550259795502,1211244977571.9302,162.24458312930275,-2.06284591031421e+20,
-12920.111994024408,1212309460843.6824,162.2501919410078,-2.0628399988444024e+20,
-12912.686526392414,1213373365585.725,162.25578841474035,-2.0628340497236794e+20,
-12905.27381701986,1214436692723.949,162.2613722372921,-2.0628281027894886e+20,
-12897.873826204448,1215499443181.4565,162.26694363060363,-2.062822137659572e+20,
-12890.486514420203,1216561617878.57,162.27250247219206,-2.0628161726941466e+20,
-12883.111842316457,1217623217732.8364,162.27804883229516,-2.062810204544175e+20,
-12875.749770716839,1218684243659.0352,162.28358273716233,-2.0628042347925717e+20,
-12868.400260618251,1219744696569.1833,162.28910425576814,-2.0627982601866573e+20,
-12861.063273189893,1220804577372.5444,162.294613681767,-2.062792252110498e+20,
-12853.738769772237,1221863886975.635,162.30011073899686,-2.0627862461715146e+20,
-12846.426711876073,1222922626282.231,162.3055953003979,-2.062780261177368e+20,
-12839.127061181507,1223980796193.3784,162.31106780680963,-2.0627742518323865e+20,
-12831.839779537006,1225038397607.403,162.3165283700355,-2.0627682099166056e+20,
-12824.564828958419,1226095431419.9182,162.32197661989701,-2.0627621816231956e+20,
-12817.302171628036,1227151898523.8398,162.32741266729414,-2.0627561588256362e+20,
-12810.051769893626,1228207799809.3967,162.33283667986052,-2.0627501269539684e+20,
-12802.813586267499,1229263136164.1477,162.3382486469607,-2.062744091556008e+20,
-12795.587583425573,1230317908472.9966,162.34364885582931,-2.062738024476229e+20,
-12788.373724206445,1231372117618.211,162.3490371732212,-2.0627319450768697e+20,
-12781.171971610473,1232425764479.443,162.35441331623997,-2.0627258896628593e+20,
-12773.98228879885,1233478849933.7542,162.35977756979833,-2.0627198302821148e+20,
-12766.804639092716,1234531374855.6357,162.36513034097035,-2.062713725092351e+20,
-12759.638985972242,1235583340117.0405,162.37047109925786,-2.0627076383933166e+20,
-12752.485293075752,1236634746587.412,162.37580010185926,-2.0627015452836885e+20,
-12745.343524198819,1237685595133.7158,162.3811174829594,-2.062695434756095e+20,
-12738.213643293404,1238735886620.4734,162.3864229803582,-2.06268934071862e+20,
-12731.09561446697,1239785621909.8005,162.39171699847128,-2.0626832214886538e+20,
-12723.989401981624,1240834801861.4438,162.39699952188295,-2.0626770829493315e+20,
-12716.894970253245,1241883427332.8215,162.4022702856333,-2.0626709592970478e+20,
-12709.812283850648,1242931499179.0635,162.4075295680482,-2.0626648230690934e+20,
-12702.741307494718,1243979018253.053,162.41277747713318,-2.0626586660941254e+20,
-12695.682006057577,1245025985405.4685,162.41801361955802,-2.062652537129705e+20,
-12688.634344561742,1246072401484.8235,162.42323852286046,-2.062646380323783e+20,
-12681.598288179299,1247118267337.5095,162.42845219033404,-2.0626401993336285e+20,
-12674.57380223107,1248163583807.832,162.43365447686463,-2.0626340146802554e+20,
-12667.560852185801,1249208351738.0498,162.43884508948372,-2.0626278637119062e+20,
-12660.559403659341,1250252571968.407,162.44402484961824,-2.0626216570010983e+20,
-12653.569422413826,1251296245337.1665,162.44919306289293,-2.0626154775259998e+20,
-12646.590874356882,1252339372680.6367,162.4543502756447,-2.0626092670849188e+20,
-12639.623725540821,1253381954833.1982,162.45949604621427,-2.062603079914124e+20,
-12632.667942161843,1254423992627.3215,162.46463079272226,-2.0625968723461715e+20,
-12625.72349055925,1255465486893.5857,162.46975463961795,-2.0625906341111526e+20,
-12618.790337214657,1256506438460.6897,162.4748670154959,-2.0625844342371585e+20,
-12611.868448751213,1257546848155.4617,162.47996873937714,-2.062578183264165e+20,
-12604.957791932824,1258586716802.8625,162.48505938479067,-2.0625719336785645e+20,
-12598.058333663386,1259626045225.9878,162.4901386531016,-2.0625657234282408e+20,
-12591.170040986024,1260664834246.0635,162.49520750832326,-2.0625594463735353e+20,
-12584.292881082323,1261703084682.442,162.50026510031842,-2.0625532033579047e+20,
-12577.426821271583,1262740797352.5916,162.50531182532728,-2.0625469529844898e+20,
-12570.571829010065,1263777973072.0872,162.51034794950522,-2.062540668651313e+20,
-12563.72787189026,1264814612654.5964,162.5153731718152,-2.0625343885258172e+20,
-12556.894917640135,1265850716911.8645,162.5203874810666,-2.0625281176727083e+20,
-12550.07293412242,1266886286653.7004,162.5253911272202,-2.0625218312849814e+20,
-12543.261889333866,1267921322687.9578,162.53038382159352,-2.0625155661206808e+20,
-12536.461751404535,1268955825820.5208,162.53536610333038,-2.0625092642497885e+20,
-12529.67248859708,1269989796855.2852,162.54033780062585,-2.0625029490251625e+20,
-12522.894069306032,1271023236594.1418,162.5452987668916,-2.0624966409251324e+20,
-12516.126462057102,1272056145836.96,162.55024925086676,-2.0624903151644636e+20,
-12509.369635506471,1273088525381.572,162.55518909205165,-2.062483993792176e+20,
-12502.623558440102,1274120376023.7576,162.5601182733439,-2.0624776824365325e+20,
-12495.888199773042,1275151698557.2305,162.56503718722217,-2.0624713397702807e+20,
-12489.16352854874,1276182493773.6228,162.56994552712507,-2.0624650045501004e+20,
-12482.44951393836,1277212762462.4763,162.57484355178192,-2.062458650730557e+20,
-12475.746125240112,1278242505411.228,162.5797310974136,-2.0624523006914108e+20,
-12469.053331878564,1279271723405.2021,162.5846079993757,-2.0624459769228398e+20,
-12462.371103403982,1280300417227.5994,162.58947492706935,-2.0624396061855675e+20,
-12455.699409491663,1281328587659.4902,162.59433158056544,-2.0624332264415982e+20,
-12449.03821994127,1282356235479.8062,162.59917764984175,-2.0624268768417212e+20,
-12442.387504676177,1283383361465.3362,162.6040138040427,-2.0624204840693822e+20,
-12435.747233742817,1284409966390.7183,162.60883946187292,-2.0624141184142108e+20,
-12429.117377310022,1285436051028.4365,162.6136552918266,-2.062407706558718e+20,
-12422.497905668391,1286461616148.817,162.61846070351618,-2.062401319846584e+20,
-12415.888789229642,1287486662520.0242,162.62325609282718,-2.0623949162429717e+20,
-12409.289998525965,1288511190908.0579,162.62804128359375,-2.0623885194689885e+20,
-12402.7015042094,1289535202076.7512,162.63281667079468,-2.0623820875241347e+20,
-12396.123277051203,1290558696787.7686,162.63758151853625,-2.0623757085369244e+20,
-12389.555287941212,1291581675800.604,162.6423367799768,-2.062369276213871e+20,
-12382.997507887227,1292604139872.5786,162.64708200317423,-2.0623628459804718e+20,
-12376.449908014396,1293626089758.8413,162.65181743347415,-2.0623563929666067e+20,
-12369.912459564595,1294647526212.3655,162.65654261772565,-2.0623499727664454e+20,
-12363.385133895814,1295668449983.9502,162.6612580851466,-2.0623435277651745e+20,
-12356.867902481545,1296688861822.216,162.6659636614986,-2.0623370813930042e+20,
-12350.360736910186,1297708762473.6074,162.67065945263008,-2.0623306247827096e+20,
-12343.863608884436,1298728152682.3894,162.67534556416385,-2.0623241490687577e+20,
-12337.376490220695,1299747033190.646,162.680021539028,-2.0623177103089733e+20,
-12330.899352848466,1300765404738.2815,162.68468818567283,-2.062311218499636e+20,
-12324.432168809779,1301783268063.017,162.68934476301752,-2.0623047624728897e+20,
-12317.97491025859,1302800623900.3904,162.6939919392959,-2.0622982683427747e+20,
-12311.527549460205,1303817472983.7551,162.69862939528764,-2.062291776229203e+20,
-12305.090058790694,1304833816044.2773,162.70325723432055,-2.0622852774430245e+20,
-12298.662410736324,1305849653810.9387,162.70787541796548,-2.062278779661125e+20,
-12292.244577892978,1306864987010.5315,162.71248418945746,-2.0622722579806542e+20,
-12285.836532965592,1307879816367.661,162.71708308662338,-2.0622657690606862e+20,
-12279.438248767585,1308894142604.7432,162.72167277473667,-2.0622592391474623e+20,
-12273.049698220299,1309907966442.0076,162.72625279132117,-2.0622527249252273e+20,
-12266.670854352442,1310921288597.4966,162.73082351816362,-2.062246185379538e+20,
-12260.301690299535,1311934109787.068,162.73538463224264,-2.0622396610618298e+20,
-12253.942179303354,1312946430724.3982,162.73993651670227,-2.0622331107502758e+20,
-12247.592294711392,1313958252120.9841,162.7444788449447,-2.0622265754059152e+20,
-12241.252009976299,1314969574686.1516,162.74901185931537,-2.062220030076822e+20,
-12234.921298655363,1315980399127.06,162.75353579886263,-2.0622134501525193e+20,
-12228.600134409957,1316990726148.7114,162.75805005497952,-2.0622069092862922e+20,
-12222.28849100501,1318000556453.961,162.76255528869476,-2.0622003339171306e+20,
-12215.986342308483,1319009890743.5295,162.76705131862494,-2.0621937481397413e+20,
-12209.693662290825,1320018729716.0173,162.77153809777238,-2.0621871604645983e+20,
-12203.410425024478,1321027074067.9226,162.7760155778786,-2.0621805795450067e+20,
-12197.136604683326,1322034924493.6594,162.78048400037423,-2.0621739803891774e+20,
-12190.872175542207,1323042281685.5808,162.78494303802896,-2.062167404022196e+20,
-12184.617111976382,1324049146334.003,162.7893934886261,-2.0621607607817788e+20,
-12178.371388461033,1325055519127.2327,162.79383417608514,-2.0621541903083058e+20,
-12172.134979570754,1326061400751.5964,162.7982664668996,-2.0621475367902347e+20,
-12165.907859979056,1327066791891.4727,162.80268932288138,-2.0621409238705743e+20,
-12159.69000445785,1328071693229.3264,162.80710312362675,-2.0621343103980447e+20,
-12153.481387876975,1329076105445.7437,162.81150824017757,-2.0621276561601194e+20,
-12147.28198520368,1330080029219.4705,162.81590420370722,-2.0621210186344943e+20,
-12141.091771502146,1331083465227.4507,162.82029124580944,-2.0621143738106524e+20,
-12134.910721933009,1332086414144.8643,162.8246695974313,-2.0621076977158337e+20,
-12128.738811752846,1333088876645.1672,162.82903878886762,-2.0621010479486665e+20,
-12122.576016313722,1334090853400.1309,162.83339918811313,-2.0620943845603574e+20,
-12116.422311062688,1335092345079.8782,162.83775074899168,-2.062087715814408e+20,
-12110.277671541318,1336093352352.9204,162.84209370073617,-2.0620810178677758e+20,
-12104.142073385228,1337093875886.1929,162.84642771012156,-2.0620743324230438e+20,
-12098.015492323606,1338093916345.0842,162.85075300530846,-2.0620676357413857e+20,
-12091.897904178737,1339093474393.4663,162.85506953930394,-2.0620609361474037e+20,
-12085.789284865543,1340092550693.7192,162.8593772523427,-2.0620542434539317e+20,
-12079.689610391108,1341091145906.754,162.86367652131563,-2.0620475165056408e+20,
-12073.59885685423,1342089260692.0286,162.8679668606797,-2.0620408147848646e+20,
-12067.517000444948,1343086895707.5637,162.87224893456127,-2.0620340635629945e+20,
-12061.444017444088,1344084051609.952,162.87652196852602,-2.0620273560667577e+20,
-12055.37988422281,1345080729054.3628,162.88078662648067,-2.0620206175471197e+20,
-12049.324577242152,1346076928694.5479,162.8850428451984,-2.062013858150188e+20,
-12043.278073052594,1347072651182.8374,162.88929028746662,-2.0620071200526182e+20,
-12037.240348293595,1348067897170.1372,162.8935293290388,-2.0620003620929444e+20,
-12031.211379693155,1349062667305.921,162.8977599049276,-2.0619935946082386e+20,
-12025.191144067388,1350056962238.2205,162.90198196563796,-2.0619868261232627e+20,
-12019.179618320068,1351050782613.6147,162.9061954448697,-2.0619800671277924e+20,
-12013.1767794422,1352044129077.2173,162.91040071750743,-2.0619732764680972e+20,
-12007.1826045116,1353037002272.6587,162.91459758033827,-2.061966480625445e+20,
-12001.19707069245,1354029402842.0745,162.918785983178,-2.0619596881756576e+20,
-11995.220155234887,1355021331426.0872,162.92296599308023,-2.0619528939588433e+20,
-11989.25183547458,1356012788663.7908,162.92713784868482,-2.06194607269335e+20,
-11983.29208883231,1357003775192.7341,162.9313013450712,-2.0619392510498593e+20,
-11977.340892813545,1357994291648.906,162.93545627655902,-2.061932455805049e+20,
-11971.398225008048,1358984338666.7202,162.93960301702845,-2.061925645789088e+20,
-11965.464063089445,1359973916878.9993,162.94374178544982,-2.0619187979503085e+20,
-11959.538384814836,1360963026916.9644,162.94787224003062,-2.0619119549958508e+20,
-11953.621168024381,1361951669410.2197,162.95199430814893,-2.0619051280770502e+20,
-11947.712390640898,1362939844986.7434,162.95610822823116,-2.0618982918334303e+20,
-11941.81203066947,1363927554272.877,162.96021435225109,-2.0618914075363564e+20,
-11935.920066197037,1364914797893.3162,162.96431220243124,-2.0618845338584357e+20,
-11930.036475392017,1365901576471.103,162.96840170403792,-2.0618776821737164e+20,
-11924.161236503898,1366887890627.62,162.97248309545188,-2.0618708270651123e+20,
-11918.29432786286,1367873740982.5842,162.97655672669643,-2.061863929958079e+20,
-11912.435727879381,1368859128154.042,162.98062225317935,-2.061857033890666e+20,
-11906.585415043855,1369844052758.3682,162.98467946386558,-2.0618501662286463e+20,
-11900.743367926207,1370828515410.2593,162.98872915656167,-2.061843235693069e+20,
-11894.909565175509,1371812516722.7366,162.99277056034757,-2.0618363354667214e+20,
-11889.083985519612,1372796057307.1418,162.99680402248475,-2.061829427227052e+20,
-11883.266607764755,1373779137773.1382,163.00082962234004,-2.0618225041372827e+20,
-11877.45741079521,1374761758728.7102,163.00484730580186,-2.0618155750595884e+20,
-11871.656373572887,1375743920780.166,163.0088569927877,-2.0618086519136492e+20,
-11865.863475136981,1376725624532.1362,163.01285892148445,-2.0618017091299698e+20,
-11860.078694603595,1377706870587.5786,163.0168528510053,-2.0617947775513887e+20,
-11854.302011165382,1378687659547.7769,163.02083917921402,-2.0617878127615233e+20,
-11848.533404091173,1379667992012.346,163.02481753111275,-2.0617808613985662e+20,
-11842.77285272562,1380647868579.2327,163.0287882775307,-2.0617738821943837e+20,
-11837.020336488846,1381627289844.7185,163.03275090902753,-2.06176693765116e+20,
-11831.275834876064,1382606256403.4233,163.03670608969864,-2.06175995188029e+20,
-11825.53932745724,1383584768848.3066,163.04065344155194,-2.0617529718748814e+20,
-11819.810793876743,1384562827770.6719,163.04459307016893,-2.061745987589325e+20,
-11814.09021385298,1385540433760.1692,163.04852515473704,-2.0617389802691654e+20,
-11808.377567178057,1386517587404.7969,163.05244966892835,-2.061731955400648e+20,
-11802.672833717428,1387494289290.9062,163.05636606987116,-2.061724979476819e+20,
-11796.97599340955,1388470540003.2039,163.06027502131644,-2.0617179764928745e+20,
-11791.287026265543,1389446340124.754,163.06417646686353,-2.0617109554619784e+20,
-11785.605912368852,1390421690236.9827,163.0680706135515,-2.0617038942585337e+20,
-11779.932631874899,1391396590919.6829,163.07195694628558,-2.0616968561024464e+20,
-11774.267165010753,1392371042751.014,163.075835539023,-2.0616898346065114e+20,
-11768.609492074798,1393345046307.51,163.0797069249926,-2.0616827690438047e+20,
-11762.959593436392,1394318602164.0825,163.0835708503801,-2.0616756917370133e+20,
-11757.317449535545,1395291710894.0254,163.08742712631118,-2.061668627345742e+20,
-11751.683040882588,1396264373069.0225,163.09127549677248,-2.061661608491247e+20,
-11746.056348057842,1397236589259.1516,163.0951170866445,-2.06165450432367e+20,
-11740.437351711302,1398208360032.8958,163.09895078560876,-2.0616474485627345e+20,
-11734.826032562307,1399179685957.1494,163.1027773887277,-2.0616403493486386e+20,
-11729.222371399223,1400150567597.2305,163.10659683796305,-2.0616332158017818e+20,
-11723.626349079124,1401121005516.892,163.11040874330405,-2.0616260963841694e+20,
-11718.03794652748,1402091000278.3354,163.11421304575725,-2.0616190003571838e+20,
-11712.457144737833,1403060552442.2275,163.11800981677445,-2.0616119215160915e+20,
-11706.883924771499,1404029662567.7166,163.1217999816402,-2.0616047523837546e+20,
-11701.31826775724,1404998331212.454,163.12558216349672,-2.0615976584539098e+20,
-11695.760154890972,1405966558932.6157,163.12935715677398,-2.061590547748487e+20,
-11690.209567435442,1406934346282.928,163.13312562676438,-2.0615833435204236e+20,
-11684.666486719942,1407901693816.6938,163.13688632500626,-2.0615761961113482e+20,
-11679.130894139991,1408868602085.8247,163.1406395801872,-2.0615690687387786e+20,
-11673.602771157042,1409835071640.8708,163.1443859274337,-2.0615619000614404e+20,
-11668.082099298179,1410801103031.0571,163.14812484075372,-2.0615547547188242e+20,
-11662.56886015582,1411766696804.32,163.15185698527884,-2.061547555881121e+20,
-11657.063035387422,1412731853507.3467,163.15558196320282,-2.061540352959819e+20,
-11651.564606715187,1413696573685.614,163.1592997138618,-2.0615331553288428e+20,
-11646.073555925763,1414660857883.4316,163.16301030572774,-2.0615259570093697e+20,
-11640.589864869966,1415624706643.9832,163.16671393586364,-2.061518736717028e+20,
-11635.11351546247,1416588120509.37,163.17040994582499,-2.0615115749030085e+20,
-11629.644489681541,1417551100020.6526,163.17409972721939,-2.061504308175243e+20,
-11624.18276956873,1418513645717.892,163.17778155373148,-2.0614971440313932e+20,
-11618.72833722859,1419475758140.1897,163.18145715837116,-2.061489878382555e+20,
-11613.281174828402,1420437437825.7266,163.18512554015174,-2.061482632452446e+20,
-11607.841264597877,1421398685311.7986,163.1887867653532,-2.0614754004719318e+20,
-11602.40858882888,1422359501134.848,163.19244090011983,-2.0614681766756807e+20,
-11596.98312987514,1423319885830.4944,163.19608861016195,-2.0614608838539926e+20,
-11591.564870151982,1424279839933.5593,163.19972876224887,-2.0614536590941992e+20,
-11586.153792136032,1425239363978.0886,163.20336262181826,-2.0614463536948825e+20,
-11580.749878364946,1426198458497.3706,163.20698918176063,-2.0614390897476305e+20,
-11575.353111437129,1427157124023.9485,163.21060885238083,-2.061431820424588e+20,
-11569.96347401146,1428115361089.6292,163.2142219540143,-2.061424509579995e+20,
-11564.580948807015,1429073170225.4915,163.21782782294346,-2.0614172384272584e+20,
-11559.205518602792,1430030551961.884,163.2214272522565,-2.0614099144090006e+20,
-11553.83716623744,1430987506828.4255,163.22501957764098,-2.061402618825106e+20,
-11548.475874608986,1431944035353.998,163.22860559231188,-2.06139525904082e+20,
-11543.121626674569,1432900138066.7393,163.23218402878277,-2.0613879883949392e+20,
-11537.774405450165,1433855815494.0312,163.23575628241315,-2.061380642322266e+20,
-11532.434194010328,1434811068162.4883,163.23932181427756,-2.0613732871749845e+20,
-11527.10097548792,1435765896597.939,163.24288056119767,-2.061365932512153e+20,
-11521.774733073846,1436720301325.4146,163.24643210925552,-2.061358629812681e+20,
-11516.455450016801,1437674282869.1277,163.2499772508936,-2.0613512863865255e+20,
-11511.143109623003,1438627841752.4568,163.25351579650078,-2.061343926875303e+20,
-11505.837695255934,1439580978497.9275,163.25704793525762,-2.0613365306352665e+20,
-11500.539190336087,1440533693627.1938,163.26057312501882,-2.0613291644779803e+20,
-11495.24757834071,1441485987661.02,163.26409155335367,-2.0613218079606096e+20,
-11489.96284280355,1442437861119.2632,163.26760376139802,-2.0613143983041213e+20,
-11484.684967314608,1443389314520.8567,163.27110920584371,-2.0613070024726033e+20,
-11479.413935519877,1444340348383.7927,163.2746079481725,-2.061299615074748e+20,
-11474.1497311211,1445290963225.108,163.2781001751199,-2.0612922157088647e+20,
-11468.892337875524,1446241159560.8665,163.28158582240107,-2.0612848140148582e+20,
-11463.64173959565,1447190937906.1482,163.28506434430827,-2.0612774773093574e+20,
-11458.397920148986,1448140298775.035,163.28853726548803,-2.0612700248763603e+20,
-11453.160863457806,1449089242680.5977,163.29200305745576,-2.0612626417634083e+20,
-11447.930553498909,1450037770134.8862,163.29546276275278,-2.061255204960073e+20,
-11442.706974303373,1450985881648.9177,163.2989161921332,-2.0612477390400694e+20,
-11437.490109956327,1451933577732.6672,163.3023623142397,-2.0612403695864722e+20,
-11432.279944596692,1452880858895.0598,163.30580301347976,-2.061232872519996e+20,
-11427.076462416962,1453827725643.9604,163.30923652420728,-2.0612254615023488e+20,
-11421.879647662958,1454774178486.1663,163.31266399891152,-2.061218000173887e+20,
-11416.689484633596,1455720217927.4004,163.31608513675573,-2.0612105264988838e+20,
-11411.505957680654,1456665844472.3037,163.3194992626687,-2.0612031233976405e+20,
-11406.329051208539,1457611058624.4292,163.32290765483245,-2.0611956392997336e+20,
-11401.158749674058,1458555860886.2341,163.3263097626445,-2.0611881421539954e+20,
-11395.995037586177,1459500251759.0757,163.32970503426947,-2.0611807001087017e+20,
-11390.837899505812,1460444231743.2034,163.33309426203354,-2.0611732198481484e+20,
-11385.687320045587,1461387801337.754,163.33647738070272,-2.0611657110378453e+20,
-11380.543283869607,1462330961040.745,163.33985383731167,-2.0611582419759225e+20,
-11375.405775693242,1463273711349.0693,163.34322381269075,-2.061150792782536e+20,
-11370.274780282902,1464216052758.4875,163.3465879760068,-2.0611432848263358e+20,
-11365.150282455805,1465157985763.6248,163.3499462620974,-2.0611357277338544e+20,
-11360.032267079765,1466099510857.9617,163.3532975038952,-2.061128263706196e+20,
-11354.920719072972,1467040628533.8296,163.3566432291897,-2.0611207107648134e+20,
-11349.81562340377,1467981339282.4033,163.35998202347835,-2.061113240914568e+20,
-11344.71696509044,1468921643593.6956,163.36331529244802,-2.0611056867814392e+20,
-11339.624729200983,1469861541956.5496,163.36664174355894,-2.061098205746448e+20,
-11334.538900852913,1470801034858.632,163.36996290563957,-2.0610906155159562e+20,
-11329.459465213027,1471740122786.4282,163.3732773624325,-2.0610830884117365e+20,
-11324.386407497213,1472678806225.233,163.37658541411238,-2.0610755900832724e+20,
-11319.319712970222,1473617085659.1458,163.37988810132452,-2.0610679969091964e+20,
-11314.259366945467,1474554961571.0652,163.3831838798702,-2.0610604967302257e+20,
-11309.20535478481,1475492434442.6797,163.38647452823028,-2.0610528769460155e+20,
-11304.15766189836,1476429504754.4668,163.38975825606664,-2.0610453551282327e+20,
-11299.11627374426,1477366172985.6848,163.3930363495639,-2.061037777956285e+20,
-11294.081175828484,1478302439614.3699,163.39630836975797,-2.0610302000933683e+20,
-11289.052353704637,1479238305117.3325,163.39957424975145,-2.061022631347306e+20,
-11284.02979297375,1480173769970.1565,163.4028340443061,-2.061015066845212e+20,
-11279.013479284078,1481108834647.1963,163.4060879292962,-2.0610074870844896e+20,
-11274.003398330897,1482043499621.58,163.40933595897522,-2.060999887224389e+20,
-11268.999535856312,1482977765365.209,163.4125780665213,-2.0609922770351296e+20,
-11264.001877649054,1483911632348.765,163.41581368835543,-2.0609847262891026e+20,
-11259.010409544286,1484845101041.7139,163.41904373773068,-2.060977126395402e+20,
-11254.025117423404,1485778171912.3167,163.42226802689336,-2.0609695017069255e+20,
-11249.045987213849,1486710845427.6372,163.42548611169045,-2.060961907578057e+20,
-11244.07300488891,1487643122053.5596,163.4286985436455,-2.060954279042923e+20,
-11239.106156467531,1488575002254.8003,163.43190499796663,-2.060946657029101e+20,
-11234.145428014124,1489506486494.929,163.43510528655713,-2.060939065960646e+20,
-11229.190805638378,1490437575236.39,163.4383003224919,-2.060931397083866e+20,
-11224.242275495068,1491368268940.5234,163.44148929853728,-2.060923749672635e+20,
-11219.299823783875,1492298568067.595,163.44467250719384,-2.0609160900037775e+20,
-11214.363436749187,1493228473076.8215,163.44784925985377,-2.060908503061959e+20,
-11209.433100679926,1494157984426.4014,163.4510208500215,-2.060900833957409e+20,
-11204.508801909356,1495087102573.5476,163.45418670929251,-2.060893153102153e+20,
-11199.590526814905,1496015827974.5198,163.45734626804548,-2.0608855311061484e+20,
-11194.678261817977,1496944161084.6567,163.4605003186197,-2.0608778736651924e+20,
-11189.771993383769,1497872102358.4111,163.46364879327848,-2.0608701905905897e+20,
-11184.871708021094,1498799652249.3838,163.46679124040895,-2.0608625382107896e+20,
-11179.977392282199,1499726811210.3535,163.46992821422512,-2.0608548509926018e+20,
-11175.089032762582,1500653579693.3098,163.47305988519062,-2.0608471098637104e+20,
-11170.206616100815,1501579958149.4812,163.47618493901155,-2.0608394757472574e+20,
-11165.330128978365,1502505947029.362,163.47930479126867,-2.0608317786464164e+20,
-11160.459558119413,1503431546782.7346,163.48241875046972,-2.060824103992569e+20,
-11155.594890290677,1504356757858.6904,163.48552760961,-2.0608163571906455e+20,
-11150.736112301236,1505281580705.6467,163.48863017061535,-2.0608086851575516e+20,
-11145.883211002356,1506206015771.3574,163.49172773195244,-2.0608009319377273e+20,
-11141.036173287303,1507130063502.9238,163.49481909426783,-2.0607932446456768e+20,
-11136.194986091179,1508053724346.798,163.49790481368007,-2.0607855573772268e+20,
-11131.359636390742,1508976998748.7842,163.50098580156208,-2.0607777610331377e+20,
-11126.530111204236,1509899887154.036,163.50405999486262,-2.0607701076834212e+20,
-11121.706397591211,1510822390007.0479,163.50712955547385,-2.0607623363489726e+20,
-11116.88848265236,1511744507751.6484,163.51019304535168,-2.0607546232430366e+20,
-11112.076353529337,1512666240830.9854,163.51325137498213,-2.0607468593044613e+20,
-11107.269997404599,1513587589687.5107,163.51630384899232,-2.0607391305731034e+20,
-11102.469401501223,1514508554762.964,163.51935114298405,-2.0607313564782566e+20,
-11097.674553082752,1515429136498.3528,163.5223927957588,-2.060723594611944e+20,
-11092.885439453019,1516349335333.9302,163.52542873818115,-2.0607158549234247e+20,
-11088.102047955981,1517269151709.1765,163.52845964648995,-2.0607080566962337e+20,
-11083.32436597556,1518188586062.7751,163.53148442978863,-2.0607003341454557e+20,
-11078.552380935476,1519107638832.5886,163.53450427547577,-2.060692544342776e+20,
-11073.786080299076,1520026310455.6394,163.53751860347734,-2.060684759366993e+20,
-11069.025451569187,1520944601368.0842,163.5405275782219,-2.0606769607155188e+20,
-11064.270482287942,1521862512005.194,163.54353061779253,-2.060669220739628e+20,
-11059.52116003663,1522780042801.3333,163.54652902828383,-2.060661381918338e+20,
-11054.77747243553,1523697194189.937,163.54952148175053,-2.0606536074406042e+20,
-11050.039407143751,1524613966603.4946,163.5525087713859,-2.060645802203974e+20,
-11045.306951859086,1525530360473.5278,163.55549019795794,-2.060638052879571e+20,
-11040.580094317838,1526446376230.5767,163.55846730155952,-2.060630173288523e+20,
-11035.858822294684,1527362014304.181,163.56143800503406,-2.0606224180299848e+20,
-11031.143123602496,1528277275122.865,163.56440373256203,-2.0606146150155062e+20,
-11026.432986092212,1529192159114.1245,163.5673645311831,-2.0606067599514416e+20,
-11021.72839765266,1530106666704.4119,163.57031993134024,-2.0605989115415914e+20,
-11017.029346210416,1531020798319.1255,163.57326974818756,-2.0605910937979663e+20,
-11012.335819729657,1531934554382.5957,163.57621414326957,-2.0605832884829966e+20,
-11007.647806211991,1532847935318.0781,163.57915391040734,-2.060575400183435e+20,
-11002.965293696323,1533760941547.7395,163.58208759995117,-2.0605676072332693e+20,
-10998.288270258694,1534673573492.652,163.58501675362422,-2.0605597229192698e+20,
-10993.616724012138,1535585831572.7825,163.58794015049398,-2.060551897700881e+20,
-10988.950643106526,1536497716206.9858,163.59085887358953,-2.060544000781967e+20,
-10984.29001572842,1537409227812.9973,163.59377193047715,-2.060536154768908e+20,
-10979.634830100928,1538320366807.4238,163.5966798855968,-2.0605282921567715e+20,
-10974.98507448355,1539231133605.7397,163.59958289879324,-2.0605203948228166e+20,
-10970.340737172035,1540141528622.2788,163.6024802660098,-2.0605125502038655e+20,
-10965.701806498231,1541051552270.2278,163.60537266708184,-2.0605046766388675e+20,
-10961.06827082995,1541961204961.621,163.60826037532655,-2.0604967421010844e+20,
-10956.44011857081,1542870487107.3345,163.61114245791245,-2.0604888620201456e+20,
-10951.817338160094,1543779399117.0784,163.61401930086495,-2.0604809906092917e+20,
-10947.199918072609,1544687941399.3936,163.61689135689173,-2.060473073886854e+20,
-10942.587846818542,1545596114361.6438,163.6197581479924,-2.0604651716935172e+20,
-10937.981112943315,1546503918410.0117,163.62261971803545,-2.060457280049475e+20,
-10933.379705027452,1547411353949.4915,163.62547663468135,-2.0604493308613024e+20,
-10928.78361168642,1548318421383.8838,163.62832778112156,-2.060441462177549e+20,
-10924.19282157051,1549225121115.7905,163.63117458879813,-2.0604335001537328e+20,
-10919.607323364678,1550131453546.6096,163.63401559978607,-2.06042562463024e+20,
-10915.027105788422,1551037419076.5286,163.63685224660742,-2.0604176615612976e+20,
-10910.452157595626,1551943018104.5195,163.6396839350078,-2.0604096850474782e+20,
-10905.882467574444,1552848251028.3367,163.64251006956889,-2.060401769380272e+20,
-10901.318024547138,1553753118244.5083,163.64533144449743,-2.060393818612375e+20,
-10896.758817369968,1554657620148.3367,163.64814787783766,-2.0603858563651286e+20,
-10892.204834933033,1555561757133.892,163.65095899817422,-2.060377929496907e+20,
-10887.656066160147,1556465529594.0127,163.65376601513827,-2.0603698910471114e+20,
-10883.112500008709,1557368937920.3018,163.6565670520159,-2.0603619724209206e+20,
-10878.574125469557,1558271982503.1274,163.6593634311437,-2.0603540128176095e+20,
-10874.04093156685,1559174663731.625,163.66215530738086,-2.0603459945348507e+20,
-10869.512907357923,1560076981993.6987,163.66494197045012,-2.0603380060000574e+20,
-10864.990041933166,1560978937676.0264,163.66772357403133,-2.0603300296774962e+20,
-10860.472324415885,1561880531164.0657,163.67050068970977,-2.0603219967219257e+20,
-10855.959743962178,1562781762842.0627,163.67327282977612,-2.060313968272524e+20,
-10851.452289760808,1563682633093.0627,163.6760399243159,-2.0603059542099483e+20,
-10846.94995103307,1564583142298.9226,163.67880212628566,-2.060297937048275e+20,
-10842.452717032658,1565483290840.3286,163.6815593658444,-2.060289926649438e+20,
-10837.960577045558,1566383079096.8125,163.6843117955827,-2.060281905553276e+20,
-10833.473520389904,1567282507446.7744,163.68705945665448,-2.0602738699747325e+20,
-10828.991536415862,1568181576267.5063,163.689802279324,-2.060265829748622e+20,
-10824.5146145055,1569080285935.2195,163.69254041562806,-2.0602577674545257e+20,
-10820.04274407267,1569978636825.0728,163.6952739064936,-2.0602496793143414e+20,
-10815.575914562884,1570876629311.205,163.6980021484647,-2.0602416407705574e+20,
-10811.114115453189,1571774263766.7698,163.70072582607617,-2.0602335689266676e+20,
-10806.657336252052,1572671540563.9712,163.7034443351732,-2.060225539324944e+20,
-10802.205566499228,1573568460074.1,163.70615889564905,-2.060217403171404e+20,
-10797.758795765652,1574465022667.5747,163.70886783309885,-2.0602093676672637e+20,
-10793.31701365331,1575361228713.9775,163.71157236742525,-2.0602012839883565e+20,
-10788.880209795127,1576257078582.0967,163.71427253901808,-2.0601931483762488e+20,
-10784.44837385484,1577152572639.9636,163.71696774197852,-2.0601850366234876e+20,
-10780.021495526888,1578047711254.891,163.71965801572955,-2.0601769451188312e+20,
-10775.599564536287,1578942494793.5083,163.72234404637607,-2.060168790611969e+20,
-10771.182570638519,1579836923621.7969,163.72502468934326,-2.060160715261729e+20,
-10766.770503619404,1580730998105.12,163.72770105872857,-2.060152583091045e+20,
-10762.363353294993,1581624718608.2534,163.73037276557923,-2.0601444432078533e+20,
-10757.961109511454,1582518085495.408,163.73303984862878,-2.060136292048596e+20,
-10753.563762144942,1583411099130.2522,163.73570223759077,-2.060128139480006e+20,
-10749.171301101494,1584303759875.9297,163.73835997139207,-2.06011998190978e+20,
-10744.783716316912,1585196068095.0737,163.74101319762644,-2.0601118023426225e+20,
-10740.400997756646,1586088024149.8174,163.7436618461384,-2.0601036106184865e+20,
-10736.023135415682,1586979628401.797,163.74630541497592,-2.060095469833176e+20,
-10731.650119318425,1587870881212.1594,163.7489444827348,-2.0600873098373536e+20,
-10727.281939518589,1588761782941.5574,163.75157919632036,-2.0600791136886443e+20,
-10722.918586099086,1589652333950.1484,163.75420959395515,-2.060070877840395e+20,
-10718.560049171907,1590542534597.587,163.7568349554465,-2.060062692336616e+20,
-10714.206318878021,1591432385243.017,163.75945607693646,-2.060054460115386e+20,
-10709.857385387255,1592321886245.061,163.76207223779713,-2.0600462712942513e+20,
-10705.513238898193,1593211037961.808,163.76468434212669,-2.0600380154392622e+20,
-10701.17386963806,1594099840750.8008,163.76729156090045,-2.06002979606728e+20,
-10696.839267862619,1594988294969.0215,163.76989403904963,-2.0600215964643908e+20,
-10692.509423856063,1595876400972.8777,163.7724924655016,-2.0600133327006486e+20,
-10688.184327930905,1596764159118.187,163.77508622586208,-2.0600050818173062e+20,
-10683.86397042788,1597651569760.1648,163.77767535704868,-2.059996840417934e+20,
-10679.548341715825,1598538633253.4084,163.7802598959274,-2.0599886051068183e+20,
-10675.237432191598,1599425349951.8848,163.78284053229714,-2.0599802917707176e+20,
-10670.931232279949,1600311720208.9172,163.78541599722152,-2.059972058405321e+20,
-10666.629732433435,1601197744377.174,163.78798763365123,-2.0599637401339606e+20,
-10662.332923132311,1602083422808.6582,163.79055427811727,-2.0599554819501677e+20,
-10658.040794884426,1602968755854.6965,163.79311706113964,-2.059947145183454e+20,
-10653.753338225122,1603853743865.9326,163.79567492460816,-2.0599388618364568e+20,
-10649.47054371714,1604738387192.3164,163.79822845217555,-2.0599305608502254e+20,
-10645.19240195051,1605622686183.101,163.80077768029872,-2.0599222388346313e+20,
-10640.918903542457,1606506641186.8337,163.80332199024343,-2.0599139734904812e+20,
-10636.650039137297,1607390252551.3538,163.8058628343665,-2.0599055861739743e+20,
-10632.385799406346,1608273520623.787,163.8083981765341,-2.0598973300511025e+20,
-10628.126175047804,1609156445750.5435,163.81093012499844,-2.0598889452266753e+20,
-10623.871156786681,1610039028277.3147,163.81345729834584,-2.059880603847841e+20,
-10619.62073537468,1610921268549.0723,163.81597983747204,-2.059872289592974e+20,
-10615.374901590101,1611803166910.067,163.81849832865421,-2.0598639309460777e+20,
-10611.133646237755,1612684723703.8274,163.82101280794168,-2.0598555245232865e+20,
-10606.896960148857,1613565939273.1611,163.82352210197254,-2.059847216823002e+20,
-10602.66483418093,1614446813960.1526,163.8260275598724,-2.0598388417608463e+20,
-10598.43725921771,1615327348106.1663,163.8285292172079,-2.0598303959902686e+20,
-10594.214226169057,1616207542051.8445,163.83102568841093,-2.059822052371025e+20,
-10589.995725970846,1617087396137.1104,163.83351842917696,-2.0598136315149222e+20,
-10585.78174958488,1617966910701.1667,163.83600671161514,-2.059805224753244e+20,
-10581.572287998793,1618846086082.498,163.83849077973935,-2.059796802904633e+20,
-10577.36733222596,1619724922618.8708,163.84097045882254,-2.059788388720061e+20,
-10573.166873305396,1620603420647.3333,163.84344588799502,-2.0597799660145292e+20,
-10568.970902301658,1621481580504.2166,163.84591644196024,-2.0597716134634714e+20,
-10564.779410304764,1622359402525.1353,163.84838347421498,-2.0597631641595976e+20,
-10560.592388430092,1623236887044.9863,163.85084635962943,-2.0597546967343032e+20,
-10556.409827818281,1624114034397.9502,163.85330436804935,-2.05974630290599e+20,
-10552.231719635154,1624990844917.4905,163.85575906234294,-2.0597377896791212e+20,
-10548.058055071611,1625867318936.352,163.85820905137123,-2.059729330846699e+20,
-10543.888825343543,1626743456786.5635,163.86065436843677,-2.0597209233519218e+20,
-10539.724021691736,1627619258799.434,163.8630963699442,-2.0597123997413435e+20,
-10535.563635381786,1628494725305.5544,163.8655337670122,-2.059703921174112e+20,
-10531.407657704005,1629369856634.7954,163.86796659279264,-2.059695484596696e+20,
-10527.256079973322,1630244653116.3098,163.87039564589796,-2.059686991800013e+20,
-10523.108893529208,1631119115078.5308,163.8728208568255,-2.0596784524385832e+20,
-10518.96608973557,1631993242849.1736,163.8752415964646,-2.059669945753265e+20,
-10514.827659980672,1632867036755.2358,163.8776578977637,-2.0596614686954507e+20,
-10510.693595677045,1633740497123.0012,163.8800698963142,-2.0596530054446023e+20,
-10506.563888261388,1634613624278.041,163.88247818575866,-2.0596444831855106e+20,
-10502.43852919449,1635486418545.2192,163.88488279969025,-2.059635898736312e+20,
-10498.317509961134,1636358880248.6982,163.88728254552632,-2.0596274014938153e+20,
-10494.200822070019,1637231009711.9456,163.8896786815925,-2.0596188359089524e+20,
-10490.088457053658,1638102807257.742,163.89207001391472,-2.05961035158847e+20,
-10485.980406468307,1638974273208.193,163.894457904032,-2.0596017800773547e+20,
-10481.87666189386,1639845407884.7432,163.89684151578368,-2.0595932264604117e+20,
-10477.777214933785,1640716211608.189,163.89922118741683,-2.0595846496304697e+20,
-10473.682057215014,1641586684698.696,163.90159674728233,-2.0595760719611816e+20,
-10469.591180387873,1642456827475.8218,163.90396832933885,-2.0595674777669698e+20,
-10465.504576125997,1643326640258.5354,163.90633519770878,-2.059558959722681e+20,
-10461.422236126236,1644196123365.2437,163.9086988184991,-2.0595503361699827e+20,
-10457.344152108579,1645065277113.8184,163.91105789056658,-2.0595417702133635e+20,
-10453.270315816068,1645934101821.6257,163.91341311209558,-2.0595331758444193e+20,
-10449.200719014709,1646802597805.5576,163.91576441379775,-2.0595245626771482e+20,
-10445.135353493399,1647670765382.0662,163.91811126093629,-2.0595159983624228e+20,
-10441.074211063835,1648538604867.1973,163.92045502029035,-2.059507313465998e+20,
-10437.017283560433,1649406116576.628,163.9227937195511,-2.0594987549032343e+20,
-10432.964562840252,1650273300825.7002,163.92512939414877,-2.059490069811857e+20,
-10428.9160407829,1651140157929.4612,163.9274600700735,-2.059481505385565e+20,
-10424.871709290464,1652006688202.696,163.92978778423833,-2.0594728084943326e+20,
-10420.831560287423,1652872891959.9644,163.932110560936,-2.059464226609879e+20,
-10416.795585720562,1653738769515.633,163.9344303384017,-2.0594555188361603e+20,
-10412.763777558901,1654604321183.9082,163.93674533967194,-2.0594469079071615e+20,
-10408.73612779361,1655469547278.8628,163.93905683427457,-2.0594382363312636e+20,
